Teu,Train_Length,Wagon_Quantity,Train_Weight,Distance_Station,Total_Distance,Departure_Delay,Delay
98,5,-11.0,194.0,1448,430,408.0,-22.0
2336,10,-8.0,279.0,2330,750,741.0,-9.0
840,20,-2.0,293.0,2296,806,811.0,5.0
258,20,-5.0,281.0,2342,805,756.0,-9.0
135,25,-1.0,215.0,1448,320,259.0,-21.0
806,25,-5.0,230.0,1589,602,610.0,8.0
612,25,-6.0,170.0,1299,526,509.0,-17.0
2013,30,14.0,249.0,2125,803,753.0,-10.0
1112,30,-11.0,193.0,1464,545,532.0,-13.0
1173,30,3.0,203.0,1747,711,656.0,-15.0
2336,30,-6.0,149.0,1199,523,453.0,-30.0
1674,35,-8.0,266.0,2174,803,753.0,-10.0
1434,35,0.0,210.0,1535,609,605.0,-4.0
2324,40,-6.0,199.0,1590,615,553.0,-22.0
2440,40,-1.0,198.0,1399,549,557.0,8.0
108,45,-4.0,194.0,1448,509,455.0,-14.0
1560,45,-14.0,200.0,1448,515,451.0,-24.0
1197,48,-6.0,217.0,1635,626,619.0,-7.0
122,50,-4.0,201.0,1542,525,507.0,-18.0
1670,50,-5.0,186.0,1426,603,551.0,-12.0
520,55,25.0,143.0,1139,537,543.0,6.0
371,100,-8.0,347.0,2724,938,939.0,1.0
214,103,-1.0,147.0,1055,530,529.0,-1.0
115,105,-2.0,276.0,2342,851,839.0,-12.0
1450,105,-3.0,163.0,1299,608,545.0,-23.0
1545,115,-3.0,175.0,1379,618,607.0,-11.0
130,115,-8.0,218.0,1533,548,545.0,-3.0
597,115,12.0,220.0,1487,542,607.0,25.0
413,120,-10.0,224.0,1916,825,754.0,-31.0
2392,120,21.0,208.0,1709,707,709.0,2.0
168,125,72.0,175.0,1440,549,632.0,43.0
2211,127,-11.0,234.0,1972,726,710.0,-16.0
136,135,0.0,0.0,1448,600,0.0,0.0
95,140,-6.0,231.0,1590,715,725.0,10.0
298,144,-4.0,170.0,1222,634,630.0,-4.0
17,145,0.0,385.0,2762,555,610.0,15.0
617,152,-9.0,322.0,2552,915,905.0,-10.0
1528,154,3.0,241.0,1608,509,458.0,-11.0
134,155,-15.0,198.0,1448,633,558.0,-35.0
304,155,-2.0,248.0,1598,450,501.0,11.0
451,155,-16.0,191.0,1334,523,450.0,-33.0
972,159,-1.0,125.0,868,502,503.0,1.0
2459,200,0.0,0.0,868,500,0.0,0.0
144,200,-10.0,209.0,1542,630,619.0,-11.0
647,200,-5.0,178.0,1176,504,453.0,-11.0
1990,206,-14.0,264.0,1608,512,516.0,4.0
699,220,-11.0,199.0,1773,804,728.0,-36.0
114,220,-11.0,199.0,1448,640,628.0,-12.0
668,255,-7.0,183.0,1179,500,451.0,-9.0
1162,259,-1.0,247.0,1585,559,605.0,6.0
1030,307,-3.0,196.0,1129,500,520.0,20.0
262,330,-14.0,243.0,1674,635,619.0,-16.0
2134,400,95.0,175.0,1189,605,730.0,85.0
730,419,4.0,163.0,1129,613,606.0,-7.0
768,424,-11.0,196.0,1179,630,629.0,-1.0
2276,438,72.0,258.0,1666,739,908.0,89.0
602,500,-1.0,232.0,1440,748,751.0,3.0
695,500,-4.0,74.0,224,610,610.0,0.0
102,500,-8.0,51.0,216,549,543.0,-6.0
5467,500,13.0,85.0,363,629,638.0,9.0
108,502,-1.0,48.0,163,544,549.0,5.0
730,505,-8.0,199.0,1448,930,916.0,-14.0
206,505,-11.0,36.0,100,541,530.0,-11.0
1500,510,4.0,182.0,925,805,816.0,11.0
1323,510,-3.0,55.0,192,613,602.0,-11.0
103,510,-4.0,134.0,738,730,720.0,-10.0
7404,510,-10.0,78.0,174,618,618.0,0.0
7419,510,-2.0,67.0,257,619,615.0,-4.0
5254,510,0.0,0.0,429,637,0.0,0.0
480,515,-5.0,168.0,1107,900,858.0,-2.0
1057,515,108.0,155.0,1121,856,1038.0,102.0
2454,515,-5.0,215.0,1258,843,845.0,2.0
4354,515,2.0,189.0,984,813,826.0,13.0
425,520,60.0,150.0,1009,850,950.0,60.0
89,520,58.0,137.0,964,841,935.0,54.0
2099,520,-9.0,106.0,456,803,757.0,-6.0
4685,520,-3.0,72.0,308,634,629.0,-5.0
5583,520,-6.0,57.0,250,726,711.0,-15.0
5484,520,5.0,110.0,522,612,615.0,3.0
7370,520,-3.0,72.0,199,620,629.0,9.0
103,523,-10.0,35.0,102,600,548.0,-12.0
5187,525,0.0,70.0,214,730,735.0,5.0
2859,525,0.0,0.0,364,700,0.0,0.0
1201,530,2.0,234.0,1325,820,826.0,6.0
1221,530,4.0,142.0,991,852,856.0,4.0
1607,530,-1.0,157.0,1024,907,906.0,-1.0
328,530,53.0,138.0,641,835,941.0,66.0
5764,530,-3.0,44.0,84,525,511.0,-14.0
1279,530,-4.0,146.0,861,810,752.0,-18.0
409,530,-4.0,167.0,1182,938,913.0,-25.0
5460,530,0.0,0.0,199,700,0.0,0.0
6391,530,-4.0,180.0,996,913,926.0,13.0
1532,531,19.0,153.0,967,857,923.0,26.0
1167,533,7.0,163.0,888,720,723.0,3.0
1012,535,6.0,215.0,1190,802,816.0,14.0
2001,535,-5.0,78.0,301,703,648.0,-15.0
2807,535,-7.0,67.0,273,700,635.0,-25.0
2023,535,43.0,201.0,1598,1020,1039.0,19.0
4557,535,-12.0,52.0,201,636,615.0,-21.0
5241,535,-5.0,75.0,346,803,745.0,-18.0
5498,535,15.0,67.0,235,800,757.0,-3.0
6512,535,-5.0,80.0,209,650,650.0,0.0
1577,538,56.0,164.0,909,900,1018.0,78.0
4986,538,-3.0,199.0,1242,710,654.0,-16.0
727,540,-4.0,84.0,369,721,700.0,-21.0
1012,540,-11.0,114.0,867,856,823.0,-33.0
824,540,148.0,203.0,1671,1123,1331.0,128.0
941,540,6.0,101.0,692,842,827.0,-15.0
2079,540,-3.0,125.0,632,803,742.0,-21.0
3268,540,16.0,103.0,534,725,739.0,14.0
4160,540,-9.0,132.0,820,757,743.0,-14.0
6285,540,-2.0,188.0,964,921,946.0,25.0
5184,540,-3.0,180.0,1195,953,937.0,-16.0
6358,541,-2.0,113.0,458,725,732.0,7.0
161,544,-10.0,144.0,826,709,658.0,-11.0
4833,545,-2.0,55.0,237,759,738.0,-21.0
1119,545,-3.0,136.0,836,904,858.0,-6.0
1237,545,-4.0,266.0,1874,1156,1207.0,11.0
1540,545,5.0,197.0,1208,814,807.0,-7.0
1433,545,-6.0,59.0,247,650,638.0,-12.0
2299,545,55.0,199.0,1089,850,959.0,69.0
721,545,6.0,190.0,1197,910,901.0,-9.0
917,545,-2.0,66.0,187,702,649.0,-13.0
939,545,0.0,202.0,1576,1026,1007.0,-19.0
1890,545,18.0,104.0,731,849,847.0,-2.0
4646,545,-5.0,122.0,628,741,742.0,1.0
365,545,36.0,142.0,896,726,743.0,17.0
117,545,-7.0,128.0,680,654,646.0,-8.0
2926,545,0.0,0.0,987,755,0.0,0.0
2599,545,73.0,133.0,862,715,811.0,56.0
5482,545,-3.0,167.0,916,919,929.0,10.0
6457,545,0.0,0.0,134,651,0.0,0.0
218,548,-8.0,44.0,163,630,624.0,-6.0
515,549,-9.0,99.0,395,725,719.0,-6.0
228,550,-3.0,282.0,2434,1404,1329.0,-35.0
641,550,-5.0,249.0,1488,750,754.0,4.0
495,550,0.0,136.0,862,915,906.0,-9.0
507,550,39.0,198.0,1091,804,847.0,43.0
1553,550,2.0,67.0,200,718,659.0,-19.0
403,550,0.0,109.0,602,749,739.0,-10.0
446,550,-6.0,179.0,1044,748,743.0,-5.0
1178,550,-2.0,61.0,190,650,649.0,-1.0
2410,550,10.0,172.0,1235,1050,1052.0,2.0
2453,550,0.0,59.0,153,649,649.0,0.0
2228,550,-2.0,144.0,937,819,812.0,-7.0
4555,550,-2.0,138.0,643,805,806.0,1.0
5698,550,-7.0,76.0,326,718,659.0,-19.0
3534,550,0.0,0.0,158,645,0.0,0.0
4339,550,-2.0,220.0,1157,815,828.0,13.0
6204,550,6.0,164.0,845,920,940.0,20.0
6261,550,7.0,223.0,1482,759,740.0,-19.0
5160,550,15.0,146.0,781,810,831.0,21.0
6224,550,-1.0,150.0,898,913,919.0,6.0
860,553,-2.0,177.0,1173,839,848.0,9.0
5230,554,0.0,114.0,694,905,848.0,-17.0
526,555,-2.0,150.0,967,925,923.0,-2.0
1222,555,2.0,343.0,2218,836,840.0,4.0
1507,555,-6.0,149.0,997,831,818.0,-13.0
1094,555,0.0,251.0,1660,1150,1206.0,16.0
1233,555,-4.0,269.0,1562,930,920.0,-10.0
115,555,-5.0,75.0,209,718,705.0,-13.0
185,555,-5.0,73.0,264,720,703.0,-17.0
2519,555,-9.0,50.0,102,645,636.0,-9.0
3928,555,-1.0,83.0,403,729,717.0,-12.0
3941,555,0.0,75.0,179,604,610.0,6.0
5976,555,213.0,93.0,282,715,1101.0,226.0
3161,555,0.0,0.0,280,710,0.0,0.0
5677,556,-18.0,90.0,445,730,708.0,-22.0
224,556,-9.0,160.0,733,900,927.0,27.0
1457,557,-2.0,178.0,1379,1109,1053.0,-16.0
1205,559,-7.0,177.0,1085,902,849.0,-13.0
5547,559,119.0,138.0,819,920,1116.0,116.0
210,600,-4.0,120.0,680,719,656.0,-23.0
214,600,-5.0,172.0,956,750,747.0,-3.0
247,600,111.0,160.0,1009,928,1131.0,123.0
256,600,0.0,155.0,861,736,735.0,-1.0
319,600,3.0,152.0,937,853,835.0,-18.0
374,600,12.0,79.0,416,737,731.0,-6.0
635,600,-9.0,131.0,647,850,902.0,12.0
646,600,-2.0,125.0,646,855,903.0,8.0
1941,600,-5.0,130.0,683,819,805.0,-14.0
422,600,-3.0,147.0,804,910,924.0,14.0
544,600,22.0,197.0,1117,815,839.0,24.0
1016,600,-8.0,146.0,862,922,918.0,-4.0
4122,600,-4.0,83.0,369,745,719.0,-26.0
4822,600,2.0,243.0,2106,1330,1305.0,-25.0
2215,600,7.0,135.0,759,900,922.0,22.0
676,600,1.0,88.0,507,735,729.0,-6.0
2787,600,-1.0,145.0,994,850,824.0,-26.0
4859,600,6.0,81.0,327,740,727.0,-13.0
597,600,-6.0,270.0,2139,1340,1324.0,-16.0
1158,600,-3.0,256.0,1846,1217,1213.0,-4.0
1163,600,-5.0,141.0,937,834,816.0,-18.0
1188,600,13.0,242.0,1825,1204,1215.0,11.0
1198,600,-3.0,165.0,867,753,742.0,-11.0
1224,600,5.0,72.0,337,728,717.0,-11.0
1296,600,16.0,188.0,1211,727,724.0,-3.0
1431,600,3.0,396.0,2611,944,939.0,-5.0
1637,600,6.0,291.0,2402,1411,1357.0,-14.0
1735,600,7.0,227.0,1744,1210,1154.0,-16.0
410,600,-7.0,173.0,1009,750,746.0,-4.0
459,600,-3.0,294.0,1849,841,851.0,10.0
610,600,-3.0,120.0,651,854,857.0,3.0
72,600,6.0,142.0,985,925,928.0,3.0
196,600,4.0,174.0,1013,844,858.0,14.0
304,600,1.0,181.0,989,950,1002.0,12.0
175,600,0.0,0.0,1192,835,0.0,0.0
281,600,-1.0,194.0,1121,814,813.0,-1.0
233,600,43.0,151.0,946,843,914.0,31.0
1100,600,-6.0,191.0,1389,1010,1005.0,-5.0
1103,600,0.0,0.0,1389,905,0.0,0.0
1028,600,1.0,127.0,888,935,908.0,-27.0
1039,600,6.0,102.0,460,745,748.0,3.0
1055,600,0.0,0.0,985,805,0.0,0.0
1180,600,0.0,0.0,1464,1130,0.0,0.0
1345,600,-4.0,68.0,237,715,704.0,-11.0
1297,600,68.0,174.0,1096,912,1002.0,50.0
1411,600,-5.0,75.0,304,720,710.0,-10.0
1084,600,-2.0,168.0,1096,855,846.0,-9.0
1088,600,-3.0,170.0,1055,1040,1047.0,7.0
1534,600,-4.0,226.0,1616,1145,1142.0,-3.0
1573,600,-6.0,156.0,929,750,730.0,-20.0
1660,600,11.0,230.0,1431,1130,1201.0,31.0
2204,600,-5.0,101.0,675,849,836.0,-13.0
1515,600,-3.0,222.0,1744,1205,1139.0,-26.0
2307,600,-6.0,131.0,583,800,805.0,5.0
2363,600,10.0,85.0,175,705,735.0,30.0
81,600,-3.0,224.0,1448,854,841.0,-13.0
162,600,-16.0,80.0,261,713,704.0,-9.0
200,600,-10.0,124.0,697,803,754.0,-9.0
342,600,-5.0,108.0,671,759,743.0,-16.0
406,600,-5.0,94.0,569,742,729.0,-13.0
477,600,-5.0,166.0,954,850,841.0,-9.0
631,600,-5.0,168.0,1107,755,743.0,-12.0
683,600,-11.0,167.0,1024,810,736.0,-34.0
699,600,-2.0,80.0,224,715,718.0,3.0
130,600,-3.0,162.0,1074,841,839.0,-2.0
154,600,-1.0,164.0,1028,834,843.0,9.0
353,600,-6.0,162.0,1028,858,836.0,-22.0
226,600,-7.0,153.0,1005,831,826.0,-5.0
272,600,-1.0,164.0,1076,841,843.0,2.0
447,600,-8.0,78.0,353,720,710.0,-10.0
371,600,0.0,177.0,1076,903,857.0,-6.0
583,600,-3.0,155.0,944,851,832.0,-19.0
605,600,-4.0,163.0,1065,900,839.0,-21.0
525,600,-6.0,186.0,1005,901,900.0,-1.0
746,600,-3.0,239.0,1617,901,856.0,-5.0
776,600,-10.0,160.0,1182,948,930.0,-18.0
794,600,-1.0,194.0,1521,1023,1013.0,-10.0
838,600,1.0,246.0,1576,852,907.0,15.0
892,600,-6.0,167.0,1185,853,841.0,-12.0
1678,600,0.0,136.0,828,808,816.0,8.0
1790,600,-3.0,88.0,399,724,725.0,1.0
421,600,5.0,139.0,760,843,824.0,-19.0
731,600,4.0,113.0,502,758,757.0,-1.0
743,600,0.0,118.0,422,840,858.0,18.0
750,600,-4.0,76.0,187,720,712.0,-8.0
809,600,0.0,212.0,1124,830,832.0,2.0
904,600,1.0,126.0,762,839,807.0,-32.0
977,600,2.0,104.0,606,907,846.0,-21.0
1088,600,-3.0,280.0,2519,1417,1337.0,-40.0
1098,600,1.0,110.0,765,923,851.0,-32.0
1205,600,124.0,190.0,1587,1127,1314.0,107.0
1234,600,-6.0,55.0,271,809,749.0,-20.0
1235,600,-6.0,300.0,1931,904,854.0,-10.0
1462,600,0.0,0.0,1188,1100,0.0,0.0
913,600,5.0,151.0,919,837,836.0,-1.0
1961,600,-6.0,91.0,481,753,725.0,-28.0
2154,600,-1.0,231.0,1947,1310,1250.0,-20.0
2282,600,-2.0,171.0,946,911,849.0,-22.0
2417,600,-1.0,212.0,1749,1253,1231.0,-22.0
1540,600,-10.0,131.0,761,904,901.0,-3.0
1574,600,-10.0,212.0,1310,829,822.0,-7.0
1700,600,17.0,59.0,332,822,816.0,-6.0
1867,600,-5.0,99.0,674,858,834.0,-24.0
1937,600,-9.0,92.0,409,742,723.0,-19.0
159,600,-6.0,84.0,280,739,718.0,-21.0
198,600,-3.0,150.0,950,825,827.0,2.0
1502,600,10.0,170.0,1069,843,900.0,17.0
1504,600,27.0,274.0,1598,902,1001.0,59.0
1600,600,-8.0,92.0,399,747,724.0,-23.0
2533,600,-1.0,166.0,772,735,745.0,10.0
4213,600,-5.0,174.0,843,753,749.0,-4.0
4431,600,86.0,125.0,708,806,931.0,85.0
4411,600,-8.0,146.0,946,938,918.0,-20.0
4756,600,-1.0,142.0,599,703,721.0,18.0
4768,600,-7.0,90.0,419,725,723.0,-2.0
4740,600,-4.0,57.0,173,703,653.0,-10.0
5103,600,-8.0,101.0,425,753,733.0,-20.0
5275,600,-1.0,70.0,341,819,809.0,-10.0
5491,600,-8.0,97.0,399,732,729.0,-3.0
5978,600,3.0,120.0,557,803,803.0,0.0
5917,600,-4.0,119.0,677,814,755.0,-19.0
6133,600,16.0,95.0,398,632,651.0,19.0
6082,600,0.0,63.0,160,703,703.0,0.0
6122,600,-4.0,83.0,323,630,619.0,-11.0
6143,600,-10.0,83.0,212,716,713.0,-3.0
865,600,0.0,0.0,679,800,0.0,0.0
1256,600,0.0,0.0,1197,1000,0.0,0.0
1104,600,-4.0,157.0,1062,855,833.0,-22.0
1057,600,-8.0,262.0,1635,820,814.0,-6.0
144,600,5.0,148.0,1024,933,933.0,0.0
1056,600,-8.0,234.0,1635,1145,1146.0,1.0
901,600,-3.0,131.0,701,819,808.0,-11.0
902,600,19.0,115.0,701,750,814.0,24.0
202,600,-7.0,53.0,216,650,646.0,-4.0
2898,600,0.0,0.0,309,710,0.0,0.0
2957,600,0.0,0.0,312,720,0.0,0.0
2962,600,0.0,0.0,164,700,0.0,0.0
3014,600,0.0,0.0,247,710,0.0,0.0
3015,600,0.0,0.0,383,718,0.0,0.0
3079,600,0.0,0.0,327,720,0.0,0.0
3189,600,0.0,0.0,685,820,0.0,0.0
3302,600,0.0,0.0,691,825,0.0,0.0
3338,600,0.0,0.0,862,750,0.0,0.0
3350,600,-5.0,103.0,427,735,738.0,3.0
3355,600,-4.0,150.0,948,833,826.0,-7.0
3251,600,0.0,0.0,431,740,0.0,0.0
3377,600,0.0,0.0,539,750,0.0,0.0
3441,600,0.0,0.0,767,730,0.0,0.0
3540,600,-5.0,96.0,530,843,831.0,-12.0
3488,600,0.0,112.0,661,857,852.0,-5.0
3597,600,0.0,0.0,812,745,0.0,0.0
3611,600,0.0,0.0,922,805,0.0,0.0
3678,600,0.0,0.0,181,700,0.0,0.0
188,600,-9.0,84.0,407,723,715.0,-8.0
925,600,0.0,209.0,1457,758,729.0,-29.0
943,600,102.0,155.0,982,851,1017.0,86.0
316,600,-2.0,158.0,502,738,836.0,58.0
972,600,3.0,191.0,1119,939,1014.0,35.0
2622,600,-9.0,97.0,373,730,728.0,-2.0
6360,600,0.0,90.0,300,722,730.0,8.0
6369,600,4.0,136.0,751,714,720.0,6.0
5330,600,-8.0,58.0,268,719,650.0,-29.0
5292,600,-4.0,96.0,397,736,732.0,-4.0
6276,600,-3.0,101.0,462,736,738.0,2.0
6235,600,-4.0,237.0,1504,809,753.0,-16.0
3489,600,-3.0,136.0,748,810,813.0,3.0
3461,600,-10.0,138.0,838,827,808.0,-19.0
7423,600,-10.0,65.0,153,658,655.0,-3.0
5318,600,0.0,0.0,359,627,0.0,0.0
5445,600,0.0,0.0,86,652,0.0,0.0
5242,600,39.0,121.0,674,710,740.0,30.0
5462,600,4.0,65.0,174,704,709.0,5.0
5466,600,54.0,85.0,86,651,819.0,88.0
5550,600,-1.0,93.0,391,733,732.0,-1.0
5574,600,0.0,81.0,158,714,721.0,7.0
3221,600,-5.0,160.0,990,846,835.0,-11.0
3224,600,0.0,0.0,396,720,0.0,0.0
5522,600,1.0,145.0,852,922,926.0,4.0
5592,600,4.0,77.0,230,712,721.0,9.0
5604,600,-10.0,103.0,250,723,733.0,10.0
5170,600,22.0,58.0,216,708,720.0,12.0
5429,600,-9.0,79.0,342,733,710.0,-23.0
5435,600,-4.0,130.0,620,807,806.0,-1.0
6378,600,10.0,57.0,196,708,707.0,-1.0
6401,600,-3.0,92.0,451,736,729.0,-7.0
6332,600,-4.0,138.0,641,705,714.0,9.0
6346,600,-5.0,39.0,77,646,634.0,-12.0
6465,600,4.0,122.0,590,712,706.0,-6.0
7392,600,-2.0,68.0,306,727,706.0,-21.0
6403,600,-3.0,86.0,329,729,723.0,-6.0
6497,600,-1.0,179.0,844,925,958.0,33.0
576,601,-9.0,317.0,2565,1432,1409.0,-23.0
1410,601,0.0,168.0,1222,1056,1049.0,-7.0
1689,601,1.0,378.0,2565,940,920.0,-20.0
6020,601,-2.0,122.0,576,710,701.0,-9.0
113,601,-4.0,39.0,102,638,636.0,-2.0
5629,601,31.0,80.0,421,735,752.0,17.0
6420,601,131.0,144.0,776,912,1136.0,144.0
223,602,8.0,50.0,191,700,700.0,0.0
996,603,0.0,287.0,2454,1422,1350.0,-32.0
1721,603,-2.0,75.0,337,730,716.0,-14.0
4390,603,-5.0,86.0,288,725,724.0,-1.0
5732,603,2.0,87.0,401,725,732.0,7.0
756,603,0.0,111.0,602,750,754.0,4.0
234,605,8.0,227.0,1609,1141,1200.0,19.0
415,605,0.0,400.0,2586,949,945.0,-4.0
647,605,9.0,373.0,2300,1014,1027.0,13.0
829,605,-4.0,148.0,728,832,829.0,-3.0
1743,605,-4.0,164.0,1145,911,845.0,-26.0
1023,605,-5.0,169.0,1065,859,849.0,-10.0
2505,605,-1.0,132.0,836,925,916.0,-9.0
239,605,-6.0,104.0,786,805,743.0,-22.0
474,605,4.0,136.0,819,925,925.0,0.0
1245,605,-3.0,73.0,404,736,715.0,-21.0
560,605,7.0,158.0,868,742,750.0,8.0
310,605,0.0,0.0,469,740,0.0,0.0
375,605,-8.0,111.0,550,805,748.0,-17.0
378,605,-8.0,184.0,1045,750,801.0,11.0
1291,605,0.0,164.0,853,900,849.0,-11.0
320,605,-3.0,125.0,679,810,807.0,-3.0
602,605,-3.0,143.0,867,825,825.0,0.0
233,605,-12.0,84.0,266,733,717.0,-16.0
601,605,-2.0,188.0,1069,913,911.0,-2.0
735,605,-8.0,75.0,354,726,712.0,-14.0
922,605,16.0,184.0,1197,857,925.0,28.0
1184,605,-5.0,161.0,944,831,841.0,10.0
1434,605,93.0,183.0,1189,813,941.0,88.0
1065,605,-4.0,150.0,859,857,831.0,-26.0
1456,605,56.0,73.0,356,735,814.0,39.0
1723,605,-1.0,108.0,599,854,852.0,-2.0
4642,605,8.0,153.0,936,927,946.0,19.0
4928,605,-5.0,97.0,565,901,837.0,-24.0
609,605,-9.0,167.0,977,702,643.0,-19.0
821,605,2.0,113.0,533,654,700.0,6.0
133,605,57.0,117.0,641,707,759.0,52.0
2881,605,0.0,0.0,227,715,0.0,0.0
2771,605,0.0,0.0,285,725,0.0,0.0
3288,605,0.0,0.0,113,650,0.0,0.0
3328,605,0.0,0.0,89,650,0.0,0.0
3408,605,0.0,0.0,229,705,0.0,0.0
3643,605,0.0,0.0,408,745,0.0,0.0
286,605,-5.0,40.0,100,641,640.0,-1.0
5181,605,-3.0,211.0,1187,724,733.0,9.0
6499,605,5.0,133.0,627,726,723.0,-3.0
1160,606,-5.0,236.0,1635,1159,1157.0,-2.0
1601,606,-8.0,160.0,1065,915,838.0,-37.0
6461,606,-7.0,78.0,196,715,717.0,2.0
606,607,-6.0,179.0,1084,853,900.0,7.0
7389,607,-5.0,73.0,261,724,715.0,-9.0
220,608,-2.0,160.0,1167,1000,946.0,-14.0
654,608,-5.0,147.0,1005,951,930.0,-21.0
6119,608,0.0,141.0,642,725,729.0,4.0
5456,608,-9.0,88.0,462,750,727.0,-23.0
205,609,-8.0,36.0,100,641,637.0,-4.0
4494,609,-10.0,144.0,584,911,923.0,12.0
5370,610,-3.0,56.0,222,816,803.0,-13.0
1709,610,6.0,130.0,529,811,826.0,15.0
828,610,0.0,226.0,1999,1220,1156.0,-24.0
1632,610,-5.0,270.0,2306,1404,1335.0,-29.0
1725,610,-4.0,80.0,414,746,726.0,-20.0
168,610,-7.0,152.0,1121,953,935.0,-18.0
1315,610,0.0,0.0,631,825,0.0,0.0
1336,610,-7.0,136.0,868,925,919.0,-6.0
1619,610,-5.0,204.0,1258,946,929.0,-17.0
1686,610,-1.0,205.0,1592,1145,1134.0,-11.0
345,610,-2.0,113.0,671,809,801.0,-8.0
454,610,1.0,150.0,954,845,841.0,-4.0
57,610,-7.0,94.0,413,801,737.0,-24.0
24,610,10.0,293.0,2475,1424,1413.0,-11.0
1279,610,-7.0,148.0,899,845,831.0,-14.0
1836,610,-7.0,90.0,632,808,733.0,-35.0
1361,610,-3.0,280.0,1797,855,847.0,-8.0
327,610,-2.0,126.0,666,845,814.0,-31.0
1492,610,106.0,173.0,1276,1016,1149.0,93.0
1554,610,15.0,167.0,1046,753,812.0,19.0
4556,610,-3.0,119.0,528,809,806.0,-3.0
6071,610,7.0,64.0,152,709,721.0,12.0
1252,610,38.0,177.0,1096,905,945.0,40.0
3323,610,-1.0,147.0,825,851,836.0,-15.0
3601,610,-7.0,87.0,502,755,730.0,-25.0
3551,610,-5.0,157.0,802,846,842.0,-4.0
5572,610,-10.0,114.0,604,723,654.0,-29.0
1312,611,-8.0,149.0,1068,1000,932.0,-28.0
269,611,-4.0,197.0,1237,944,924.0,-20.0
4506,612,29.0,72.0,262,725,753.0,28.0
5337,612,0.0,0.0,563,708,0.0,0.0
562,613,-5.0,64.0,236,721,712.0,-9.0
416,614,-2.0,224.0,1739,1209,1156.0,-13.0
1403,614,-2.0,202.0,1598,1057,1034.0,-23.0
107,614,6.0,47.0,163,656,707.0,11.0
4681,614,-7.0,112.0,618,909,859.0,-10.0
1754,615,-10.0,112.0,601,902,857.0,-5.0
1789,615,14.0,207.0,1773,1203,1156.0,-7.0
1966,615,136.0,90.0,447,805,1001.0,116.0
2351,615,-3.0,106.0,696,905,858.0,-7.0
137,615,-2.0,173.0,1020,810,806.0,-4.0
1125,615,0.0,0.0,986,820,0.0,0.0
1165,615,-2.0,64.0,187,730,717.0,-13.0
1581,615,0.0,0.0,1192,959,0.0,0.0
2253,615,3.0,156.0,852,900,854.0,-6.0
504,615,-6.0,156.0,978,850,845.0,-5.0
99,615,-8.0,85.0,313,755,732.0,-23.0
962,615,76.0,261.0,1674,922,1052.0,90.0
2006,615,0.0,173.0,1065,900,908.0,8.0
828,615,-2.0,57.0,302,823,810.0,-13.0
978,615,-4.0,115.0,626,916,906.0,-10.0
985,615,-6.0,79.0,368,841,828.0,-13.0
1275,615,-6.0,109.0,405,755,758.0,3.0
2384,615,-7.0,121.0,532,853,909.0,16.0
1610,615,-2.0,142.0,1123,1119,1035.0,-44.0
1866,615,1.0,266.0,2139,1345,1342.0,-3.0
1919,615,-4.0,189.0,1020,824,820.0,-4.0
2522,615,364.0,67.0,140,710,1326.0,376.0
2512,615,-11.0,82.0,482,750,726.0,-24.0
2572,615,-8.0,42.0,69,700,649.0,-11.0
4531,615,8.0,200.0,925,807,843.0,36.0
4655,615,6.0,113.0,468,805,814.0,9.0
5123,615,-6.0,45.0,147,806,754.0,-12.0
582,615,2.0,104.0,391,747,801.0,14.0
439,615,-6.0,99.0,472,700,648.0,-12.0
2958,615,0.0,0.0,968,915,0.0,0.0
3432,615,164.0,60.0,213,718,959.0,161.0
3613,615,0.0,0.0,821,855,0.0,0.0
3568,615,-5.0,80.0,479,750,730.0,-20.0
5348,615,-2.0,64.0,156,726,717.0,-9.0
5256,615,-1.0,153.0,809,934,947.0,13.0
4747,615,-3.0,112.0,588,905,904.0,-1.0
5464,615,-4.0,68.0,113,708,719.0,11.0
5608,615,-1.0,48.0,109,707,702.0,-5.0
5636,615,-7.0,92.0,238,750,740.0,-10.0
6571,615,16.0,124.0,351,739,835.0,56.0
6573,615,-5.0,96.0,598,901,846.0,-15.0
6616,615,-1.0,111.0,493,855,905.0,10.0
612,616,2.0,68.0,334,745,726.0,-19.0
940,616,3.0,119.0,802,835,818.0,-17.0
6368,617,-4.0,115.0,516,717,708.0,-9.0
101,618,-1.0,51.0,216,707,708.0,1.0
762,619,12.0,157.0,1035,857,908.0,11.0
5249,619,29.0,140.0,1041,911,908.0,-3.0
207,620,-6.0,172.0,965,811,806.0,-5.0
1931,620,5.0,118.0,546,819,823.0,4.0
732,620,-7.0,215.0,1721,1216,1148.0,-28.0
698,620,3.0,158.0,973,910,901.0,-9.0
799,620,-2.0,170.0,1235,1110,1108.0,-2.0
687,620,11.0,175.0,1072,930,926.0,-4.0
823,620,0.0,272.0,2295,1415,1352.0,-23.0
603,620,-3.0,224.0,1728,1230,1201.0,-29.0
885,620,-5.0,115.0,647,920,910.0,-10.0
1192,620,-2.0,138.0,853,945,936.0,-9.0
1568,620,-5.0,283.0,2425,1440,1358.0,-42.0
460,620,-6.0,110.0,621,913,904.0,-9.0
269,620,0.0,0.0,1438,1155,0.0,0.0
1186,620,-6.0,206.0,1562,1045,1040.0,-5.0
1390,620,-8.0,169.0,1171,1125,1101.0,-24.0
2420,620,-1.0,180.0,1235,1120,1119.0,-1.0
545,620,-7.0,157.0,956,900,850.0,-10.0
955,620,-8.0,148.0,700,830,840.0,10.0
2129,620,3.0,138.0,749,851,841.0,-10.0
1518,620,-7.0,89.0,404,751,742.0,-9.0
1588,620,-1.0,172.0,931,805,811.0,6.0
4468,620,1.0,184.0,878,801,825.0,24.0
5534,620,0.0,74.0,448,848,834.0,-14.0
1338,620,-11.0,161.0,908,805,750.0,-15.0
3205,620,0.0,0.0,925,825,0.0,0.0
3173,620,0.0,0.0,561,820,0.0,0.0
470,620,-4.0,132.0,933,840,828.0,-12.0
742,620,5.0,129.0,852,839,834.0,-5.0
4762,620,10.0,105.0,541,906,915.0,9.0
4716,620,-3.0,113.0,546,817,810.0,-7.0
5616,620,0.0,121.0,594,818,821.0,3.0
1026,621,16.0,157.0,854,754,814.0,20.0
1481,621,-5.0,107.0,474,814,803.0,-11.0
344,622,-9.0,90.0,524,755,743.0,-12.0
4624,622,-2.0,122.0,501,910,922.0,12.0
6372,622,4.0,104.0,483,712,710.0,-2.0
200,623,-3.0,140.0,925,855,840.0,-15.0
206,624,-1.0,237.0,1400,923,920.0,-3.0
1515,624,-3.0,58.0,201,750,719.0,-31.0
1982,625,-9.0,116.0,631,822,812.0,-10.0
525,625,-1.0,185.0,1085,926,929.0,3.0
871,625,0.0,156.0,1199,1120,1101.0,-19.0
343,625,0.0,251.0,1444,925,936.0,11.0
598,625,-1.0,283.0,2402,1424,1407.0,-17.0
127,625,-3.0,230.0,1172,855,912.0,17.0
387,625,0.0,0.0,1242,1120,0.0,0.0
1079,625,-5.0,187.0,936,820,827.0,7.0
1207,625,164.0,238.0,1303,920,1207.0,167.0
1343,625,-7.0,129.0,936,945,927.0,-18.0
1635,625,0.0,0.0,731,755,0.0,0.0
2379,625,-7.0,207.0,1061,840,845.0,5.0
2272,625,-6.0,54.0,247,735,713.0,-22.0
124,625,-11.0,220.0,1533,1050,1054.0,4.0
70,625,-1.0,186.0,1237,925,930.0,5.0
966,625,3.0,178.0,1249,923,926.0,3.0
891,625,-4.0,105.0,594,825,806.0,-19.0
2234,625,44.0,163.0,936,816,852.0,36.0
2480,625,-6.0,117.0,620,851,816.0,-35.0
2180,625,-6.0,63.0,200,733,722.0,-11.0
5221,625,-15.0,77.0,301,752,727.0,-25.0
308,625,-7.0,133.0,836,937,931.0,-6.0
3609,625,0.0,0.0,785,805,0.0,0.0
3634,625,0.0,0.0,641,840,0.0,0.0
969,625,-6.0,139.0,622,734,738.0,4.0
6557,625,-3.0,105.0,455,855,907.0,12.0
6564,625,-8.0,98.0,509,906,855.0,-11.0
4418,626,-6.0,108.0,489,812,808.0,-4.0
6230,626,-6.0,50.0,73,719,710.0,-9.0
3272,627,-4.0,81.0,315,654,644.0,-10.0
104,628,-7.0,30.0,102,700,651.0,-9.0
7396,628,-1.0,54.0,175,720,721.0,1.0
1592,629,-1.0,223.0,1892,1330,1311.0,-19.0
195,630,11.0,153.0,783,809,814.0,5.0
649,630,-5.0,88.0,370,849,853.0,4.0
674,630,0.0,363.0,2133,1011,1033.0,22.0
835,630,0.0,102.0,449,814,812.0,-2.0
572,630,28.0,53.0,140,731,751.0,20.0
577,630,76.0,308.0,2565,1459,1554.0,55.0
5628,630,-11.0,78.0,192,743,737.0,-6.0
4570,630,4.0,227.0,1733,1230,1221.0,-9.0
660,630,-1.0,194.0,1237,840,843.0,3.0
1231,630,2.0,321.0,2556,1408,1353.0,-15.0
401,630,-7.0,99.0,449,803,802.0,-1.0
433,630,-2.0,355.0,2153,1018,1023.0,5.0
567,630,-7.0,97.0,304,853,900.0,7.0
595,630,164.0,66.0,325,844,1120.0,156.0
148,630,-6.0,120.0,650,835,824.0,-11.0
330,630,-4.0,202.0,1144,840,848.0,8.0
1381,630,-3.0,258.0,1372,935,945.0,10.0
157,630,-8.0,100.0,548,812,802.0,-10.0
499,630,-3.0,174.0,1050,930,921.0,-9.0
573,630,-6.0,158.0,933,910,902.0,-8.0
23,630,-3.0,384.0,2475,947,951.0,4.0
1099,630,-1.0,152.0,950,931,901.0,-30.0
929,630,-2.0,180.0,1074,945,928.0,-17.0
1285,630,19.0,101.0,496,828,830.0,2.0
418,630,-2.0,307.0,2586,1455,1435.0,-20.0
783,630,-4.0,146.0,907,1008,952.0,-16.0
1984,630,-5.0,110.0,813,937,915.0,-22.0
2114,630,2.0,166.0,1184,1125,1118.0,-7.0
2283,630,-2.0,106.0,594,845,814.0,-31.0
2370,630,-6.0,171.0,1183,1018,1015.0,-3.0
1598,630,1.0,287.0,2182,1405,1418.0,13.0
1809,630,-1.0,130.0,746,917,839.0,-38.0
1872,630,-1.0,74.0,406,758,743.0,-15.0
2549,630,0.0,71.0,270,740,741.0,1.0
3261,630,-1.0,51.0,100,727,720.0,-7.0
3929,630,0.0,146.0,820,909,856.0,-13.0
4306,630,-7.0,89.0,376,757,752.0,-5.0
295,630,80.0,234.0,1506,835,944.0,69.0
711,630,17.0,246.0,1607,844,853.0,9.0
1246,630,4.0,123.0,641,920,937.0,17.0
1108,630,-2.0,136.0,895,850,844.0,-6.0
2913,630,0.0,0.0,500,825,0.0,0.0
3649,630,0.0,0.0,622,845,0.0,0.0
2604,630,-10.0,49.0,109,725,709.0,-16.0
379,630,-9.0,114.0,466,805,815.0,10.0
5381,630,-7.0,100.0,394,756,803.0,7.0
4553,630,-6.0,127.0,674,740,731.0,-9.0
5186,630,7.0,81.0,447,802,758.0,-4.0
5581,630,0.0,252.0,1535,830,842.0,12.0
6588,630,0.0,92.0,425,903,902.0,-1.0
1534,631,-2.0,165.0,1012,819,814.0,-5.0
5764,632,-5.0,100.0,589,924,907.0,-17.0
114,632,-5.0,35.0,100,708,702.0,-6.0
675,633,-8.0,221.0,1182,904,906.0,2.0
5297,633,-10.0,39.0,67,727,702.0,-25.0
410,635,-2.0,221.0,1197,855,914.0,19.0
700,635,-8.0,286.0,2378,1436,1413.0,-23.0
1926,635,-1.0,126.0,874,950,940.0,-10.0
1119,635,-3.0,232.0,1751,1230,1224.0,-6.0
474,635,-7.0,65.0,255,846,833.0,-13.0
129,635,13.0,165.0,918,825,833.0,8.0
1349,635,0.0,0.0,447,815,0.0,0.0
1543,635,-8.0,181.0,1067,855,828.0,-27.0
2220,635,-12.0,123.0,592,935,926.0,-9.0
240,635,-6.0,161.0,1050,918,910.0,-8.0
576,635,-7.0,134.0,933,854,842.0,-12.0
724,635,-10.0,121.0,689,936,926.0,-10.0
475,635,-6.0,204.0,1072,945,953.0,8.0
1467,635,-11.0,161.0,1056,931,905.0,-26.0
1441,635,21.0,374.0,2248,925,1010.0,45.0
2005,635,-3.0,81.0,442,810,753.0,-17.0
2290,635,-2.0,90.0,526,844,803.0,-41.0
1864,635,-3.0,217.0,1532,1219,1209.0,-10.0
5579,635,-7.0,126.0,692,854,834.0,-20.0
3443,635,0.0,0.0,630,850,0.0,0.0
4758,635,-9.0,87.0,243,754,753.0,-1.0
3460,635,0.0,121.0,838,849,836.0,-13.0
665,638,-6.0,163.0,1068,930,915.0,-15.0
1056,639,-5.0,234.0,1576,1230,1228.0,-2.0
4577,640,-3.0,70.0,284,804,747.0,-17.0
1718,640,-3.0,91.0,468,816,808.0,-8.0
1943,640,-3.0,95.0,361,814,812.0,-2.0
1946,640,8.0,104.0,529,841,832.0,-9.0
795,640,-3.0,114.0,813,950,931.0,-19.0
692,640,-4.0,138.0,861,910,854.0,-16.0
1170,640,-1.0,316.0,2173,910,855.0,-15.0
653,640,-5.0,238.0,1524,845,833.0,-12.0
890,640,-7.0,186.0,1444,1055,1039.0,-16.0
832,640,0.0,80.0,386,805,800.0,-5.0
1284,640,-1.0,253.0,2227,1429,1352.0,-37.0
1748,640,3.0,124.0,719,945,947.0,2.0
1305,640,-7.0,144.0,624,900,857.0,-3.0
1285,640,0.0,0.0,224,750,0.0,0.0
1562,640,-4.0,217.0,1158,920,913.0,-7.0
548,640,-8.0,59.0,93,717,731.0,14.0
558,640,3.0,136.0,834,904,859.0,-5.0
560,640,-4.0,140.0,987,912,856.0,-16.0
569,640,-1.0,144.0,834,910,903.0,-7.0
662,640,-7.0,239.0,1660,1222,1232.0,10.0
709,640,67.0,106.0,584,743,833.0,50.0
2476,640,-6.0,232.0,1194,1006,1026.0,20.0
1332,640,0.0,100.0,515,828,820.0,-8.0
2135,640,-6.0,149.0,1010,914,903.0,-11.0
2276,640,-2.0,148.0,950,913,906.0,-7.0
2566,640,-4.0,227.0,1589,1228,1223.0,-5.0
2506,640,-2.0,71.0,354,800,749.0,-11.0
2555,640,16.0,63.0,190,745,759.0,14.0
2561,640,-1.0,94.0,383,805,813.0,8.0
2537,640,3.0,67.0,293,800,750.0,-10.0
2775,640,0.0,0.0,672,905,0.0,0.0
2966,640,0.0,0.0,435,905,0.0,0.0
3359,640,0.0,0.0,859,830,0.0,0.0
3476,640,-6.0,117.0,489,820,831.0,11.0
3589,640,-3.0,138.0,710,856,855.0,-1.0
705,640,108.0,175.0,1076,946,1123.0,97.0
567,640,-2.0,105.0,594,834,823.0,-11.0
417,640,3.0,167.0,1127,946,930.0,-16.0
3456,640,-2.0,129.0,817,850,847.0,-3.0
5492,640,3.0,71.0,108,737,754.0,17.0
6495,640,-6.0,151.0,833,825,805.0,-20.0
5291,642,0.0,91.0,313,829,813.0,-16.0
536,644,-8.0,183.0,1379,1201,1139.0,-22.0
259,645,8.0,177.0,1346,1205,1150.0,-15.0
792,645,33.0,110.0,473,731,808.0,37.0
922,645,-7.0,71.0,337,805,749.0,-16.0
3213,645,4.0,110.0,793,905,839.0,-26.0
2599,645,3.0,70.0,296,800,758.0,-2.0
2199,645,0.0,187.0,1142,1010,952.0,-18.0
3739,645,-1.0,167.0,1073,1000,931.0,-29.0
1188,645,-3.0,163.0,1407,1050,1025.0,-25.0
4563,645,-4.0,131.0,761,950,952.0,2.0
593,645,0.0,74.0,338,911,859.0,-12.0
323,645,0.0,0.0,550,820,0.0,0.0
1107,645,-4.0,256.0,1389,1000,957.0,-3.0
1234,645,-4.0,196.0,1514,1215,1157.0,-18.0
1283,645,-4.0,132.0,806,1005,953.0,-12.0
1287,645,29.0,212.0,1501,1130,1146.0,16.0
1300,645,0.0,171.0,1205,1150,1136.0,-14.0
2326,645,33.0,148.0,919,915,946.0,31.0
318,645,-7.0,66.0,187,756,744.0,-12.0
1137,645,-3.0,136.0,632,910,858.0,-12.0
716,645,-8.0,0.0,821,1009,1451.0,0.0
765,645,-3.0,134.0,726,819,756.0,-23.0
801,645,-4.0,239.0,1919,1401,1340.0,-21.0
827,645,-6.0,101.0,581,839,820.0,-19.0
860,645,-3.0,220.0,1522,1230,1222.0,-8.0
886,645,-1.0,137.0,762,853,901.0,8.0
1135,645,-1.0,44.0,134,854,828.0,-26.0
1324,645,-3.0,57.0,214,859,839.0,-20.0
1449,645,0.0,0.0,1119,900,0.0,0.0
246,645,-3.0,286.0,2446,1459,1428.0,-31.0
2395,645,-1.0,131.0,597,900,855.0,-5.0
4438,645,0.0,0.0,501,922,0.0,0.0
6042,645,32.0,95.0,423,724,752.0,28.0
110,645,26.0,105.0,680,940,956.0,16.0
782,645,-3.0,120.0,628,934,942.0,8.0
268,645,-7.0,144.0,846,1010,1002.0,-8.0
2965,645,0.0,0.0,364,820,0.0,0.0
3009,645,-3.0,139.0,693,910,901.0,-9.0
3431,645,0.0,0.0,489,845,0.0,0.0
301,645,4.0,142.0,925,922,911.0,-11.0
725,645,-8.0,126.0,643,835,843.0,8.0
6262,645,-9.0,115.0,624,842,831.0,-11.0
4811,645,-8.0,66.0,230,857,843.0,-14.0
6502,645,12.0,82.0,372,820,819.0,-1.0
6523,645,16.0,82.0,370,721,723.0,2.0
4974,646,-4.0,147.0,689,802,809.0,7.0
7385,646,-10.0,81.0,200,850,857.0,7.0
1208,647,-6.0,80.0,228,800,801.0,1.0
338,647,-8.0,44.0,163,729,723.0,-6.0
6291,648,-3.0,63.0,158,755,748.0,-7.0
1212,649,-2.0,211.0,1535,1227,1218.0,-9.0
284,650,61.0,121.0,651,804,852.0,48.0
1866,650,3.0,87.0,366,829,820.0,-9.0
2071,650,-3.0,150.0,930,1030,1017.0,-13.0
985,650,-7.0,133.0,787,930,856.0,-34.0
739,650,-3.0,72.0,425,915,859.0,-16.0
2964,650,4.0,130.0,879,1000,1004.0,4.0
1291,650,-5.0,207.0,1182,912,912.0,0.0
408,650,-10.0,351.0,2075,1015,1031.0,16.0
338,650,-6.0,79.0,337,810,803.0,-7.0
1371,650,-9.0,101.0,432,835,822.0,-13.0
1318,650,-5.0,287.0,1562,1030,1032.0,2.0
1595,650,-3.0,53.0,190,755,740.0,-15.0
2226,650,70.0,135.0,929,1005,1115.0,70.0
2429,650,3.0,177.0,1021,905,850.0,-15.0
2424,650,-9.0,188.0,1235,1150,1149.0,-1.0
321,650,-3.0,113.0,697,854,840.0,-14.0
582,650,-1.0,130.0,859,909,859.0,-10.0
629,650,-13.0,131.0,763,906,848.0,-18.0
805,650,-6.0,102.0,605,840,826.0,-14.0
148,650,-2.0,75.0,353,812,803.0,-9.0
476,650,0.0,308.0,2475,1509,1458.0,-11.0
1085,650,8.0,56.0,164,755,754.0,-1.0
2512,650,1.0,59.0,151,858,850.0,-8.0
6175,650,-6.0,111.0,409,840,835.0,-5.0
3082,650,0.0,0.0,551,925,0.0,0.0
2973,650,0.0,0.0,931,905,0.0,0.0
3294,650,10.0,90.0,522,840,830.0,-10.0
3268,650,-4.0,99.0,436,830,825.0,-5.0
3419,650,0.0,0.0,351,815,0.0,0.0
729,650,34.0,143.0,1012,1033,1047.0,14.0
5536,650,71.0,162.0,1269,1148,1243.0,55.0
5428,650,0.0,85.0,298,704,715.0,11.0
464,651,1.0,69.0,200,817,801.0,-16.0
332,651,47.0,56.0,216,741,834.0,53.0
1101,652,-3.0,194.0,1089,1010,1003.0,-7.0
111,652,22.0,277.0,1749,825,851.0,26.0
1077,653,-4.0,167.0,1085,951,936.0,-15.0
1510,653,2.0,176.0,1303,1201,1151.0,-10.0
204,654,-1.0,69.0,224,803,802.0,-1.0
773,655,-10.0,74.0,257,812,759.0,-13.0
1960,655,-1.0,94.0,507,835,828.0,-7.0
670,655,-1.0,155.0,997,930,929.0,-1.0
707,655,-4.0,94.0,528,855,825.0,-30.0
537,655,-4.0,95.0,404,830,826.0,-4.0
897,655,0.0,108.0,580,940,943.0,3.0
753,655,1.0,179.0,1188,1015,955.0,-20.0
969,655,-4.0,150.0,992,945,921.0,-24.0
4120,655,-2.0,339.0,2176,940,932.0,-8.0
299,655,4.0,264.0,1709,922,923.0,1.0
367,655,0.0,0.0,237,810,0.0,0.0
222,655,-5.0,292.0,2611,1515,1442.0,-33.0
1104,655,-8.0,176.0,1389,1105,1043.0,-22.0
1373,655,-8.0,230.0,1217,935,937.0,2.0
2401,655,0.0,0.0,1235,820,0.0,0.0
16,655,-3.0,316.0,2586,1517,1508.0,-9.0
1071,655,-2.0,82.0,297,825,815.0,-10.0
2090,655,-3.0,194.0,1426,1218,1206.0,-12.0
2324,655,-4.0,120.0,759,859,851.0,-8.0
2702,655,-10.0,82.0,301,829,807.0,-22.0
1651,655,-3.0,180.0,1299,833,752.0,-41.0
1818,655,-1.0,81.0,404,822,815.0,-7.0
3924,655,-8.0,69.0,316,809,756.0,-13.0
907,655,24.0,72.0,373,828,831.0,3.0
3063,655,0.0,0.0,1236,1050,0.0,0.0
3110,655,2.0,109.0,510,905,846.0,-19.0
3188,655,17.0,173.0,1118,1030,1105.0,35.0
821,657,0.0,356.0,2400,958,953.0,-5.0
312,659,-3.0,384.0,2454,1025,1020.0,-5.0
823,659,-4.0,78.0,331,828,813.0,-15.0
1052,659,-1.0,146.0,937,931,924.0,-7.0
1553,659,-6.0,151.0,919,944,924.0,-20.0
15,659,0.0,380.0,2586,1043,1019.0,-24.0
453,659,-4.0,164.0,1028,1002,939.0,-23.0
1547,659,-1.0,134.0,762,943,912.0,-31.0
6618,659,-1.0,58.0,261,907,856.0,-11.0
5366,700,0.0,0.0,83,738,0.0,0.0
356,700,10.0,150.0,723,839,840.0,1.0
392,700,-2.0,98.0,550,853,836.0,-17.0
417,700,-1.0,163.0,997,1001,942.0,-19.0
852,700,-5.0,72.0,328,827,807.0,-20.0
1722,700,-8.0,87.0,430,843,819.0,-24.0
1877,700,-6.0,118.0,650,859,852.0,-7.0
1961,700,-4.0,137.0,912,1022,1013.0,-9.0
1978,700,-3.0,84.0,427,838,821.0,-17.0
2064,700,-5.0,155.0,936,1028,1030.0,2.0
463,700,-2.0,156.0,733,839,834.0,-5.0
514,700,-4.0,261.0,1597,1033,1017.0,-16.0
521,700,0.0,191.0,867,858,911.0,13.0
736,700,-1.0,315.0,2565,1526,1514.0,-12.0
795,700,1.0,148.0,846,1022,1029.0,7.0
1027,700,-2.0,217.0,1635,1252,1235.0,-17.0
399,700,-5.0,392.0,2475,1025,1027.0,2.0
897,700,-1.0,80.0,414,825,819.0,-6.0
473,700,0.0,192.0,1165,1015,1012.0,-3.0
309,700,-2.0,211.0,1246,940,929.0,-11.0
369,700,-5.0,321.0,2106,930,916.0,-14.0
4635,700,0.0,287.0,1737,940,947.0,7.0
1019,700,-5.0,227.0,1184,930,942.0,12.0
194,700,4.0,179.0,1092,1005,1003.0,-2.0
2511,700,3.0,143.0,793,930,926.0,-4.0
767,700,-1.0,152.0,997,1045,1031.0,-14.0
390,700,-4.0,76.0,349,835,812.0,-23.0
443,700,-2.0,130.0,834,930,908.0,-22.0
921,700,-5.0,109.0,822,900,844.0,-16.0
2373,700,0.0,124.0,849,1010,1004.0,-6.0
1195,700,328.0,338.0,2446,1000,1506.0,306.0
1697,700,6.0,277.0,1605,930,943.0,13.0
424,700,-2.0,240.0,1440,1003,958.0,-5.0
461,700,-2.0,63.0,226,812,801.0,-11.0
568,700,1.0,109.0,507,849,850.0,1.0
590,700,-1.0,131.0,735,908,910.0,2.0
621,700,1.0,324.0,1979,1020,1025.0,5.0
9,700,-11.0,397.0,2475,1020,1026.0,6.0
17,700,-4.0,106.0,594,852,842.0,-10.0
118,700,-10.0,286.0,2475,1525,1436.0,-49.0
68,700,3.0,317.0,2585,1524,1520.0,-4.0
201,700,-7.0,412.0,2611,1035,1045.0,10.0
204,700,-3.0,337.0,2174,928,934.0,6.0
309,700,-8.0,112.0,631,840,844.0,4.0
315,700,-2.0,165.0,733,845,843.0,-2.0
1242,700,45.0,195.0,1313,1215,1300.0,45.0
1247,700,-1.0,191.0,867,905,910.0,5.0
1258,700,-4.0,163.0,1055,1145,1139.0,-6.0
1273,700,83.0,207.0,964,858,1050.0,112.0
1354,700,-5.0,144.0,985,1030,1019.0,-11.0
1529,700,-2.0,328.0,2218,935,926.0,-9.0
1582,700,-4.0,182.0,1258,1013,958.0,-15.0
1699,700,-4.0,164.0,929,850,840.0,-10.0
1507,700,-4.0,258.0,1660,1250,1314.0,24.0
1513,700,-5.0,105.0,731,1005,940.0,-25.0
1648,700,0.0,0.0,813,1010,0.0,0.0
2291,700,0.0,0.0,1121,1043,0.0,0.0
2451,700,-4.0,181.0,1096,1017,957.0,-20.0
17,700,1.0,374.0,2402,1011,1015.0,4.0
39,700,-5.0,216.0,1399,845,831.0,-14.0
112,700,-7.0,202.0,1448,1130,1115.0,-15.0
311,700,-9.0,85.0,421,835,816.0,-19.0
313,700,-9.0,121.0,679,900,852.0,-8.0
405,700,-5.0,105.0,569,845,840.0,-5.0
415,700,-2.0,61.0,129,750,759.0,9.0
445,700,-5.0,160.0,954,950,935.0,-15.0
466,700,-4.0,163.0,954,945,939.0,-6.0
519,700,-15.0,175.0,978,1000,940.0,-20.0
531,700,124.0,146.0,937,930,1130.0,120.0
615,700,-1.0,148.0,867,934,927.0,-7.0
663,700,-7.0,155.0,1009,848,828.0,-20.0
722,700,17.0,113.0,590,805,810.0,5.0
833,700,-3.0,356.0,2603,1110,1053.0,-17.0
847,700,-4.0,385.0,2541,1057,1121.0,24.0
883,700,-11.0,337.0,2457,1044,1026.0,-18.0
288,700,-7.0,292.0,2611,1519,1445.0,-34.0
289,700,-10.0,84.0,399,851,814.0,-37.0
619,700,-3.0,392.0,2588,1036,1029.0,-7.0
723,700,-8.0,130.0,759,923,902.0,-21.0
1109,700,133.0,186.0,1010,1008,1219.0,131.0
1121,700,-11.0,127.0,846,916,856.0,-20.0
1031,700,-4.0,270.0,1609,1036,1026.0,-10.0
1039,700,0.0,289.0,1698,1055,1049.0,-6.0
2007,700,-6.0,151.0,994,948,925.0,-23.0
364,700,12.0,137.0,954,933,929.0,-4.0
400,700,-3.0,288.0,2454,1513,1445.0,-28.0
424,700,2.0,388.0,2475,1040,1030.0,-10.0
822,700,-8.0,240.0,1927,1415,1352.0,-23.0
854,700,1.0,267.0,2079,1433,1428.0,-5.0
872,700,3.0,102.0,547,906,845.0,-21.0
1183,700,1.0,123.0,516,900,904.0,4.0
1280,700,-2.0,76.0,366,828,814.0,-14.0
1305,700,-1.0,107.0,545,849,846.0,-3.0
1440,700,-3.0,160.0,991,1043,1037.0,-6.0
1453,700,-4.0,183.0,1399,1216,1159.0,-17.0
1461,700,0.0,155.0,861,855,835.0,-20.0
1971,700,-1.0,197.0,1276,934,916.0,-18.0
2017,700,-3.0,161.0,1035,1009,938.0,-31.0
2123,700,-3.0,155.0,1080,949,932.0,-17.0
2151,700,-3.0,180.0,1096,959,957.0,-2.0
2180,700,-1.0,93.0,554,905,832.0,-33.0
2351,700,-4.0,185.0,1035,948,1001.0,13.0
2365,700,-1.0,220.0,1598,1150,1139.0,-11.0
2539,700,7.0,113.0,669,1008,1000.0,-8.0
2784,700,-13.0,143.0,612,849,910.0,21.0
46,700,0.0,386.0,2586,1043,1026.0,-17.0
1498,700,0.0,163.0,1076,954,943.0,-11.0
1506,700,-7.0,252.0,1979,1427,1405.0,-22.0
1795,700,-6.0,256.0,2248,1445,1410.0,-35.0
1894,700,4.0,196.0,1501,1146,1120.0,-26.0
1925,700,-1.0,191.0,1416,1130,1110.0,-20.0
2393,700,117.0,185.0,944,1005,1202.0,117.0
4513,700,-3.0,85.0,315,733,722.0,-11.0
4524,700,7.0,70.0,201,805,817.0,12.0
4871,700,4.0,101.0,551,939,945.0,6.0
4987,700,-8.0,69.0,254,827,801.0,-26.0
5423,700,-6.0,76.0,220,819,810.0,-9.0
5755,700,-2.0,181.0,849,856,859.0,3.0
1061,700,-11.0,251.0,1440,950,1000.0,10.0
1120,700,1.0,152.0,1025,950,933.0,-17.0
676,700,62.0,201.0,1546,1225,1323.0,58.0
681,700,-2.0,254.0,1546,913,912.0,-1.0
2841,700,4.0,114.0,624,848,858.0,10.0
2852,700,0.0,0.0,134,755,0.0,0.0
2871,700,0.0,0.0,604,910,0.0,0.0
3024,700,0.0,0.0,773,1025,0.0,0.0
3051,700,-5.0,158.0,738,855,833.0,-22.0
2991,700,0.0,0.0,690,925,0.0,0.0
3362,700,0.0,0.0,309,808,0.0,0.0
231,700,25.0,100.0,581,848,905.0,17.0
259,700,-5.0,161.0,977,948,936.0,-12.0
183,700,-5.0,153.0,956,930,928.0,-2.0
193,700,43.0,186.0,1222,820,849.0,29.0
198,700,12.0,61.0,177,757,813.0,16.0
610,700,4.0,190.0,1237,1004,1014.0,10.0
6194,700,4.0,54.0,125,759,758.0,-1.0
6272,700,-10.0,95.0,326,826,825.0,-1.0
3479,700,21.0,119.0,626,950,1020.0,30.0
217,700,-4.0,45.0,163,742,741.0,-1.0
4623,700,-13.0,80.0,129,800,807.0,7.0
5471,700,0.0,0.0,260,827,0.0,0.0
5632,700,-4.0,103.0,262,838,839.0,1.0
6225,700,10.0,207.0,1437,1129,1137.0,8.0
7382,700,-4.0,77.0,320,854,813.0,-41.0
5633,701,-5.0,49.0,73,753,745.0,-8.0
296,702,4.0,159.0,888,847,845.0,-2.0
656,702,24.0,233.0,1440,1121,1219.0,58.0
1441,702,4.0,73.0,305,820,819.0,-1.0
1764,702,-1.0,151.0,1025,1000,932.0,-28.0
130,702,0.0,0.0,204,806,0.0,0.0
4221,702,-9.0,83.0,253,815,816.0,1.0
6159,704,-1.0,159.0,763,840,842.0,2.0
410,704,1.0,152.0,925,929,937.0,8.0
6382,704,29.0,100.0,522,946,1013.0,27.0
761,705,8.0,260.0,1846,945,933.0,-12.0
12,705,-3.0,320.0,2586,1534,1522.0,-12.0
2851,705,-2.0,183.0,1173,1020,1006.0,-14.0
1108,705,-5.0,148.0,925,940,928.0,-12.0
1432,705,0.0,135.0,829,930,920.0,-10.0
1863,705,-2.0,142.0,1209,1055,1025.0,-30.0
665,705,0.0,0.0,546,840,0.0,0.0
323,705,-6.0,152.0,925,940,931.0,-9.0
2041,705,-6.0,324.0,2039,920,923.0,3.0
4649,705,0.0,139.0,990,1050,1024.0,-26.0
893,705,4.0,224.0,1642,1245,1253.0,8.0
552,705,29.0,96.0,496,740,810.0,30.0
3239,705,-2.0,124.0,842,925,907.0,-18.0
1912,705,-7.0,108.0,639,855,846.0,-9.0
1660,705,-7.0,275.0,2434,1524,1433.0,-51.0
445,705,-8.0,96.0,130,810,833.0,23.0
556,705,2.0,244.0,1460,1010,1011.0,1.0
605,705,-1.0,335.0,1999,1016,1039.0,23.0
70,705,-6.0,171.0,1171,1205,1150.0,-15.0
86,705,-4.0,230.0,1739,1300,1251.0,-9.0
1099,705,-4.0,234.0,1212,945,955.0,10.0
1022,705,5.0,82.0,175,810,832.0,22.0
1232,705,-2.0,337.0,2342,948,940.0,-8.0
1260,705,-4.0,165.0,1089,953,946.0,-7.0
1564,705,8.0,182.0,1440,1125,1115.0,-10.0
2281,705,24.0,157.0,761,840,906.0,26.0
2434,705,-7.0,178.0,926,910,856.0,-14.0
279,705,-5.0,58.0,231,810,758.0,-12.0
366,705,-10.0,83.0,387,830,818.0,-12.0
1016,705,-3.0,73.0,319,823,815.0,-8.0
1080,705,-2.0,80.0,484,944,923.0,-21.0
1996,705,-2.0,146.0,1020,1051,1029.0,-22.0
2003,705,-4.0,172.0,1096,1025,953.0,-32.0
2054,705,0.0,290.0,2422,1517,1455.0,-22.0
2109,705,-2.0,233.0,1956,1424,1356.0,-28.0
2412,705,-2.0,208.0,1590,1247,1231.0,-16.0
2511,705,-2.0,217.0,1298,946,940.0,-6.0
1614,705,-7.0,75.0,453,945,913.0,-32.0
1879,705,-6.0,181.0,1076,1024,1000.0,-24.0
2539,705,8.0,158.0,737,930,951.0,21.0
2908,705,0.0,0.0,158,800,0.0,0.0
3615,705,0.0,105.0,557,910,850.0,-20.0
2585,705,-13.0,133.0,748,925,905.0,-20.0
2582,705,-5.0,72.0,308,830,812.0,-18.0
6466,705,-3.0,106.0,590,956,948.0,-8.0
2101,706,-3.0,89.0,301,838,832.0,-6.0
110,706,107.0,36.0,102,738,929.0,111.0
2084,708,-2.0,153.0,944,935,939.0,4.0
4197,708,-2.0,72.0,192,810,818.0,8.0
52,709,-4.0,199.0,1121,955,1024.0,29.0
285,709,-6.0,35.0,100,744,738.0,-6.0
112,710,-3.0,175.0,1222,1209,1202.0,-7.0
200,710,51.0,435.0,3801,1820,1916.0,56.0
405,710,-3.0,351.0,2556,1100,1058.0,-2.0
1956,710,-4.0,90.0,290,840,836.0,-4.0
617,710,-1.0,161.0,1342,1115,1050.0,-25.0
235,710,-1.0,84.0,549,900,833.0,-27.0
3835,710,15.0,142.0,930,950,947.0,-3.0
2303,710,-1.0,167.0,1381,1125,1056.0,-29.0
494,710,-4.0,54.0,226,815,800.0,-15.0
435,710,-1.0,164.0,1182,1200,1153.0,-7.0
691,710,33.0,219.0,1706,1300,1322.0,22.0
1556,710,32.0,100.0,602,857,922.0,25.0
493,710,-1.0,293.0,1814,1004,1002.0,-2.0
561,710,-5.0,286.0,1849,1008,951.0,-17.0
1482,710,-7.0,214.0,1464,1240,1237.0,-3.0
1624,710,11.0,126.0,868,1030,1027.0,-3.0
2310,710,9.0,115.0,641,815,814.0,-1.0
55,710,-4.0,102.0,627,856,848.0,-8.0
530,710,-1.0,137.0,956,934,926.0,-8.0
987,710,-6.0,293.0,1927,1023,957.0,-26.0
2067,710,-2.0,85.0,447,851,833.0,-18.0
2315,710,-2.0,101.0,373,852,849.0,-3.0
2191,710,-2.0,198.0,1185,1045,1026.0,-19.0
1575,710,-4.0,79.0,432,903,825.0,-38.0
5920,710,-1.0,78.0,224,730,727.0,-3.0
721,710,-2.0,260.0,1476,914,928.0,14.0
2930,710,-8.0,63.0,234,830,805.0,-25.0
3617,710,-1.0,74.0,402,833,823.0,-10.0
650,710,-3.0,161.0,983,943,948.0,5.0
5240,710,42.0,163.0,1013,1105,1135.0,30.0
2020,711,-3.0,259.0,1619,935,927.0,-8.0
4510,711,-3.0,79.0,277,829,827.0,-2.0
217,712,-7.0,193.0,1226,825,818.0,-7.0
604,712,-3.0,190.0,1076,1000,1019.0,19.0
1506,713,15.0,140.0,1045,1046,1048.0,2.0
1550,713,-5.0,174.0,1299,1220,1202.0,-18.0
156,713,4.0,34.0,100,749,751.0,2.0
3,714,-3.0,202.0,1598,1207,1133.0,-34.0
230,715,1.0,133.0,925,958,929.0,-29.0
300,715,0.0,307.0,2161,950,922.0,-28.0
748,715,0.0,283.0,2296,1507,1458.0,-9.0
821,715,0.0,123.0,651,1007,1018.0,11.0
706,715,-1.0,113.0,679,934,907.0,-27.0
833,715,27.0,113.0,649,903,935.0,32.0
178,715,-1.0,254.0,1587,935,928.0,-7.0
4323,715,2.0,262.0,1771,855,839.0,-16.0
406,715,-5.0,119.0,562,815,809.0,-6.0
531,715,1.0,166.0,1052,1020,1002.0,-18.0
963,715,-5.0,169.0,990,915,859.0,-16.0
205,715,-6.0,78.0,417,835,827.0,-8.0
322,715,0.0,157.0,1107,1100,1052.0,-8.0
303,715,-6.0,208.0,1371,900,837.0,-23.0
752,715,-4.0,131.0,937,945,922.0,-23.0
1636,715,-3.0,200.0,1587,1240,1232.0,-8.0
1058,715,-7.0,137.0,622,828,825.0,-3.0
1463,715,-3.0,172.0,1023,1005,1004.0,-1.0
61,715,4.0,192.0,1121,934,931.0,-3.0
167,715,32.0,364.0,2585,1030,1051.0,21.0
236,715,-5.0,301.0,2422,1530,1511.0,-19.0
1011,715,4.0,96.0,551,1000,955.0,-5.0
1133,715,-2.0,176.0,1096,1010,1009.0,-1.0
1254,715,75.0,201.0,1197,939,1051.0,72.0
1403,715,44.0,192.0,1242,840,911.0,31.0
1412,715,2.0,173.0,1188,1210,1210.0,0.0
1159,715,-4.0,139.0,1061,1045,1030.0,-15.0
1174,715,-3.0,205.0,1345,1235,1237.0,2.0
2245,715,-1.0,149.0,1119,1055,1043.0,-12.0
367,715,-5.0,124.0,605,920,914.0,-6.0
22,715,-6.0,187.0,1197,1009,1016.0,7.0
111,715,-5.0,186.0,867,917,916.0,-1.0
394,715,-11.0,148.0,972,948,932.0,-16.0
907,715,9.0,209.0,1693,1220,1153.0,-27.0
1092,715,-2.0,112.0,684,1018,1005.0,-13.0
1415,715,8.0,74.0,226,835,837.0,2.0
1446,715,54.0,193.0,1587,1241,1322.0,41.0
1994,715,74.0,272.0,2153,1350,1501.0,71.0
2124,715,-3.0,75.0,425,942,927.0,-15.0
1482,715,-3.0,78.0,356,859,830.0,-29.0
1501,715,-2.0,164.0,946,1024,957.0,-27.0
1553,715,-3.0,210.0,1747,1400,1342.0,-18.0
4134,715,-7.0,133.0,643,930,921.0,-9.0
4614,715,-2.0,128.0,912,1038,1021.0,-17.0
5242,715,164.0,75.0,419,901,1114.0,133.0
1308,715,-10.0,91.0,388,850,836.0,-14.0
1046,715,-13.0,138.0,851,932,920.0,-12.0
2885,715,-3.0,75.0,280,835,827.0,-8.0
3446,715,40.0,113.0,501,915,948.0,33.0
867,715,-3.0,191.0,1235,836,823.0,-13.0
2596,715,0.0,111.0,451,755,806.0,11.0
7414,715,0.0,46.0,67,805,801.0,-4.0
5316,715,-1.0,74.0,266,825,828.0,3.0
5173,715,5.0,148.0,737,834,848.0,14.0
406,716,-3.0,152.0,1023,1011,945.0,-26.0
5441,716,-8.0,64.0,190,825,812.0,-13.0
972,717,11.0,164.0,1076,1000,1012.0,12.0
303,717,-4.0,297.0,1931,1018,1010.0,-8.0
4456,717,-8.0,54.0,201,813,803.0,-10.0
360,718,-3.0,106.0,524,901,901.0,0.0
901,718,-1.0,173.0,1069,1037,1010.0,-27.0
4865,719,0.0,0.0,429,843,0.0,0.0
201,719,-6.0,56.0,216,809,809.0,0.0
939,719,16.0,197.0,1075,936,952.0,16.0
5299,719,82.0,46.0,67,807,927.0,80.0
407,720,-1.0,156.0,1235,1116,1055.0,-21.0
616,720,-6.0,250.0,1846,1337,1324.0,-13.0
661,720,0.0,270.0,1744,950,950.0,0.0
530,720,-5.0,216.0,1797,1310,1251.0,-19.0
19,720,0.0,245.0,1381,1025,1025.0,0.0
1329,720,-4.0,152.0,1072,1100,1048.0,-12.0
748,720,-4.0,113.0,669,1015,1009.0,-6.0
3383,720,0.0,175.0,1204,1040,1015.0,-25.0
118,720,1.0,196.0,1136,1040,1037.0,-3.0
320,720,14.0,83.0,414,850,857.0,7.0
938,720,-3.0,113.0,763,925,910.0,-15.0
1531,720,0.0,227.0,1635,934,907.0,-27.0
495,720,-4.0,284.0,1788,1012,1000.0,-12.0
24,720,-6.0,332.0,2586,1600,1546.0,-14.0
1053,720,39.0,163.0,1303,1125,1142.0,17.0
1206,720,-5.0,57.0,247,830,812.0,-18.0
1173,720,-6.0,173.0,921,1006,1007.0,1.0
1552,720,9.0,153.0,946,1004,1002.0,-2.0
1614,720,-4.0,189.0,1085,1016,1025.0,9.0
1650,720,9.0,53.0,192,825,822.0,-3.0
2358,720,0.0,260.0,1471,1040,1040.0,0.0
2426,720,-3.0,169.0,1235,1220,1206.0,-14.0
61,720,10.0,144.0,909,905,854.0,-11.0
222,720,8.0,147.0,679,929,955.0,26.0
855,720,-8.0,363.0,2607,1133,1115.0,-18.0
865,720,19.0,339.0,2349,1049,1118.0,29.0
959,720,-5.0,184.0,1173,1042,1019.0,-23.0
1054,720,-3.0,150.0,859,1012,947.0,-25.0
1394,720,-3.0,110.0,680,1031,1007.0,-24.0
2499,720,-1.0,255.0,1590,940,934.0,-6.0
1502,720,-1.0,116.0,773,941,915.0,-26.0
1788,720,-6.0,95.0,630,1013,949.0,-24.0
4546,720,-7.0,101.0,642,1017,954.0,-23.0
5347,720,8.0,120.0,622,840,828.0,-12.0
5466,720,-10.0,147.0,1075,1107,1037.0,-30.0
6189,720,-2.0,143.0,986,1054,1041.0,-13.0
2795,720,0.0,0.0,247,828,0.0,0.0
2946,720,0.0,0.0,295,835,0.0,0.0
2906,720,-9.0,104.0,552,920,855.0,-25.0
3307,720,-9.0,179.0,977,1015,1010.0,-5.0
3491,720,0.0,0.0,812,1028,0.0,0.0
832,720,12.0,122.0,854,1030,1034.0,4.0
6200,720,-1.0,157.0,717,840,856.0,16.0
5377,721,26.0,40.0,86,806,827.0,21.0
5987,721,-7.0,108.0,475,810,802.0,-8.0
6036,721,-8.0,107.0,563,915,900.0,-15.0
122,721,-9.0,53.0,216,811,805.0,-6.0
649,723,-7.0,110.0,628,1019,1006.0,-13.0
60,723,-4.0,79.0,234,830,838.0,8.0
1494,724,12.0,224.0,1400,1016,1020.0,4.0
72,725,3.0,294.0,2398,1435,1422.0,-13.0
268,725,-1.0,95.0,406,908,859.0,-9.0
316,725,40.0,213.0,1956,1333,1338.0,5.0
357,725,13.0,158.0,1190,1119,1116.0,-3.0
1967,725,-4.0,112.0,599,1024,1013.0,-11.0
2584,725,5.0,271.0,1671,1005,1001.0,-4.0
769,725,-7.0,157.0,1224,1210,1155.0,-15.0
1954,725,-3.0,107.0,581,920,909.0,-11.0
317,725,-4.0,138.0,721,845,839.0,-6.0
1363,725,0.0,154.0,966,1015,959.0,-16.0
375,725,-1.0,118.0,667,930,922.0,-8.0
1361,725,-4.0,127.0,666,940,928.0,-12.0
1701,725,2.0,158.0,1065,1034,1005.0,-29.0
503,725,0.0,270.0,1670,959,955.0,-4.0
531,725,-5.0,294.0,1671,1002,1014.0,12.0
46,725,0.0,253.0,1829,1340,1338.0,-2.0
1184,725,14.0,113.0,569,1015,1032.0,17.0
1198,725,11.0,176.0,1126,1210,1232.0,22.0
1209,725,-8.0,331.0,2158,955,948.0,-7.0
1383,725,2.0,68.0,224,835,835.0,0.0
2357,725,-1.0,146.0,631,940,950.0,10.0
244,725,-1.0,100.0,550,929,904.0,-25.0
612,725,-2.0,157.0,867,946,1000.0,14.0
634,725,0.0,172.0,1107,1111,1117.0,6.0
1465,725,6.0,183.0,1165,1047,1034.0,-13.0
342,725,5.0,235.0,1487,1016,1025.0,9.0
810,725,-3.0,100.0,689,1026,1002.0,-24.0
1260,725,-2.0,136.0,859,940,939.0,-1.0
2502,725,29.0,183.0,835,1055,1157.0,62.0
2563,725,0.0,0.0,354,845,0.0,0.0
2572,725,-1.0,98.0,485,915,902.0,-13.0
1290,725,-2.0,143.0,932,955,946.0,-9.0
2760,725,-4.0,52.0,147,840,813.0,-27.0
3040,725,0.0,0.0,404,850,0.0,0.0
3452,725,-7.0,62.0,294,838,820.0,-18.0
313,725,4.0,177.0,986,930,926.0,-4.0
731,725,-6.0,271.0,1744,1002,950.0,-12.0
2605,725,15.0,133.0,590,830,853.0,23.0
7423,725,-2.0,65.0,114,812,828.0,16.0
4682,725,-5.0,177.0,1214,1121,1117.0,-4.0
6424,725,-12.0,147.0,639,925,940.0,15.0
1174,726,0.0,137.0,895,953,943.0,-10.0
123,726,6.0,42.0,102,803,814.0,11.0
1146,727,2.0,181.0,1400,1158,1130.0,-28.0
1294,727,0.0,126.0,854,1045,1033.0,-12.0
4709,727,-7.0,69.0,376,842,829.0,-13.0
5908,727,-8.0,113.0,488,920,912.0,-8.0
326,728,-5.0,161.0,1005,959,1004.0,5.0
5330,728,-5.0,64.0,258,900,827.0,-33.0
1169,729,-1.0,220.0,1379,923,908.0,-15.0
1522,729,11.0,241.0,1416,1032,1041.0,9.0
1746,729,12.0,332.0,2139,1004,1013.0,9.0
683,729,-4.0,183.0,944,1026,1028.0,2.0
1717,729,-7.0,183.0,1010,1034,1025.0,-9.0
4738,729,7.0,235.0,1404,1024,1031.0,7.0
692,730,-3.0,310.0,1773,1012,1037.0,25.0
1913,730,-4.0,92.0,449,905,858.0,-7.0
2068,730,-2.0,214.0,1773,1321,1302.0,-19.0
404,730,-2.0,284.0,2475,1550,1512.0,-38.0
713,730,-8.0,59.0,223,835,821.0,-14.0
675,730,2.0,315.0,2026,950,947.0,-3.0
923,730,-2.0,169.0,1046,920,917.0,-3.0
1126,730,-3.0,140.0,862,905,847.0,-18.0
1751,730,-1.0,131.0,678,852,840.0,-12.0
506,730,2.0,220.0,1262,1011,1012.0,1.0
623,730,-3.0,203.0,1276,1010,950.0,-20.0
137,730,-2.0,216.0,1192,1005,1004.0,-1.0
76,730,-7.0,97.0,337,855,900.0,5.0
84,730,4.0,65.0,187,840,839.0,-1.0
1111,730,-1.0,247.0,1389,1040,1036.0,-4.0
1199,730,-5.0,70.0,258,850,835.0,-15.0
1284,730,33.0,90.0,460,900,933.0,33.0
1382,730,1.0,167.0,1035,1030,1018.0,-12.0
1695,730,-6.0,59.0,192,832,823.0,-9.0
1499,730,205.0,180.0,1055,825,1155.0,210.0
569,730,-4.0,196.0,1237,1107,1042.0,-25.0
470,730,13.0,188.0,1237,1029,1051.0,22.0
1289,730,-8.0,227.0,1608,1223,1209.0,-14.0
1702,730,-1.0,159.0,1069,1014,1008.0,-6.0
341,730,-3.0,76.0,306,858,843.0,-15.0
343,730,-3.0,137.0,726,1036,1044.0,8.0
369,730,-4.0,237.0,1947,1442,1423.0,-19.0
1078,730,-9.0,59.0,271,943,920.0,-23.0
1215,730,-2.0,220.0,1749,1425,1408.0,-17.0
1291,730,-1.0,127.0,907,1108,1036.0,-32.0
2103,730,-1.0,109.0,594,926,918.0,-8.0
2171,730,-2.0,74.0,321,902,842.0,-20.0
2541,730,-3.0,136.0,986,1108,1043.0,-25.0
2560,730,-8.0,282.0,1865,1026,1004.0,-22.0
1836,730,-1.0,68.0,259,847,837.0,-10.0
1946,730,-6.0,205.0,1620,1319,1249.0,-30.0
1251,730,-4.0,187.0,1102,1049,1033.0,-16.0
3259,730,-2.0,169.0,738,904,917.0,13.0
4432,730,-1.0,108.0,458,907,917.0,10.0
4883,730,-7.0,67.0,192,840,830.0,-10.0
5948,730,-6.0,141.0,632,850,845.0,-5.0
1070,730,65.0,106.0,606,1020,1121.0,61.0
2853,730,0.0,0.0,999,950,0.0,0.0
118,730,-9.0,38.0,163,813,759.0,-14.0
2807,730,0.0,0.0,364,905,0.0,0.0
3098,730,44.0,101.0,438,920,955.0,35.0
3197,730,-3.0,138.0,685,945,945.0,0.0
3170,730,-8.0,57.0,135,845,819.0,-26.0
3278,730,0.0,0.0,383,853,0.0,0.0
3286,730,0.0,0.0,190,828,0.0,0.0
3439,730,0.0,0.0,772,1023,0.0,0.0
3672,730,100.0,77.0,315,920,1027.0,67.0
469,730,5.0,187.0,1119,942,942.0,0.0
511,730,1.0,185.0,1127,1028,1036.0,8.0
311,730,-3.0,142.0,852,1001,949.0,-12.0
2593,730,9.0,132.0,726,940,951.0,11.0
4654,730,0.0,97.0,402,905,907.0,2.0
4795,730,1.0,156.0,866,917,907.0,-10.0
5470,730,21.0,49.0,86,818,840.0,22.0
6307,730,-1.0,243.0,1589,950,932.0,-18.0
6344,730,0.0,247.0,1464,939,937.0,-2.0
6537,730,-1.0,106.0,391,906,915.0,9.0
7376,730,-8.0,83.0,358,852,845.0,-7.0
461,731,-7.0,159.0,1035,1030,1003.0,-27.0
2359,731,-9.0,150.0,879,1004,952.0,-12.0
163,731,0.0,0.0,731,1032,0.0,0.0
4975,731,0.0,267.0,1735,1006,958.0,-8.0
1690,732,0.0,292.0,1754,1020,1024.0,4.0
1128,734,-3.0,290.0,1703,1007,1021.0,14.0
1524,734,12.0,175.0,925,1027,1041.0,14.0
478,734,-3.0,196.0,1182,951,947.0,-4.0
245,735,-3.0,82.0,296,759,754.0,-5.0
328,735,-6.0,282.0,1709,1006,1011.0,5.0
761,735,-1.0,256.0,2125,1501,1450.0,-11.0
1737,735,-6.0,51.0,204,837,820.0,-17.0
1923,735,-11.0,87.0,511,1019,951.0,-28.0
2055,735,-10.0,161.0,1013,1032,1006.0,-26.0
1003,735,-4.0,138.0,895,1007,949.0,-18.0
931,735,-4.0,111.0,591,840,822.0,-18.0
697,735,0.0,87.0,528,1005,1002.0,-3.0
3661,735,-3.0,151.0,711,910,903.0,-7.0
865,735,-7.0,166.0,971,1040,1014.0,-26.0
439,735,-1.0,137.0,967,1105,1051.0,-14.0
4966,735,-2.0,117.0,689,930,930.0,0.0
203,735,-9.0,115.0,616,835,821.0,-14.0
1646,735,-1.0,148.0,1050,1020,1002.0,-18.0
521,735,-4.0,75.0,386,855,846.0,-9.0
2279,735,1.0,104.0,507,920,920.0,0.0
1974,735,-4.0,167.0,1020,930,918.0,-12.0
1741,735,-9.0,263.0,2288,1516,1449.0,-27.0
83,735,-2.0,174.0,985,935,927.0,-8.0
183,735,-9.0,90.0,236,850,856.0,6.0
1320,735,-7.0,179.0,1471,1150,1127.0,-23.0
1423,735,-7.0,184.0,1102,950,932.0,-18.0
2250,735,-3.0,169.0,989,1120,1121.0,1.0
65,735,12.0,128.0,680,851,855.0,4.0
73,735,-12.0,152.0,571,925,955.0,30.0
676,735,2.0,173.0,1024,1106,1130.0,24.0
350,735,-16.0,129.0,814,939,928.0,-11.0
51,735,1.0,191.0,1121,1100,1047.0,-13.0
1073,735,9.0,224.0,1426,932,928.0,-4.0
1164,735,1.0,111.0,590,1027,1027.0,0.0
1447,735,5.0,172.0,1017,935,932.0,-3.0
1804,735,-2.0,158.0,1127,1050,1011.0,-39.0
2567,735,130.0,60.0,190,840,1045.0,125.0
4250,735,5.0,115.0,844,1052,1035.0,-17.0
2947,735,0.0,0.0,304,843,0.0,0.0
2607,735,-5.0,98.0,373,900,908.0,8.0
115,736,-6.0,46.0,100,811,816.0,5.0
1293,737,3.0,172.0,1065,1032,1032.0,0.0
221,737,-6.0,191.0,1197,1104,1042.0,-22.0
4183,737,-6.0,207.0,1091,1003,958.0,-5.0
1001,738,-3.0,105.0,719,1043,1020.0,-23.0
787,739,-5.0,153.0,991,925,907.0,-18.0
3563,740,5.0,194.0,1180,1105,1059.0,-6.0
1370,740,-4.0,75.0,516,925,851.0,-34.0
883,740,3.0,150.0,1067,1215,1213.0,-2.0
1126,740,-1.0,150.0,1069,1210,1209.0,-1.0
27,740,-3.0,172.0,1246,1230,1229.0,-1.0
905,740,-4.0,164.0,973,930,920.0,-10.0
1144,740,0.0,150.0,882,920,910.0,-10.0
651,740,-1.0,138.0,1020,1105,1057.0,-8.0
1133,740,-3.0,131.0,647,1025,1048.0,23.0
742,740,-1.0,108.0,406,910,927.0,17.0
398,740,-4.0,61.0,237,850,837.0,-13.0
582,740,-8.0,82.0,370,1014,954.0,-20.0
1119,740,-6.0,117.0,460,930,931.0,1.0
1240,740,-4.0,236.0,1438,930,932.0,2.0
1532,740,0.0,125.0,641,1045,1045.0,0.0
1539,740,-4.0,151.0,646,855,907.0,12.0
1616,740,0.0,0.0,190,850,0.0,0.0
2332,740,0.0,0.0,802,955,0.0,0.0
885,740,4.0,93.0,427,925,917.0,-8.0
954,740,-3.0,162.0,1046,926,919.0,-7.0
1307,740,-5.0,65.0,228,858,840.0,-18.0
2245,740,-2.0,212.0,1416,1024,1010.0,-14.0
240,740,171.0,270.0,2139,1511,1801.0,170.0
1556,740,-4.0,209.0,1310,1012,1005.0,-7.0
1625,740,10.0,106.0,577,946,936.0,-10.0
163,740,-2.0,183.0,1041,1051,1041.0,-10.0
137,740,-4.0,156.0,1024,933,912.0,-21.0
935,740,11.0,119.0,532,947,950.0,3.0
2831,740,0.0,0.0,237,843,0.0,0.0
2902,740,0.0,0.0,134,828,0.0,0.0
3016,740,0.0,0.0,604,923,0.0,0.0
2978,740,-7.0,82.0,522,935,855.0,-40.0
3115,740,-3.0,133.0,491,935,950.0,15.0
3194,740,17.0,129.0,693,950,1006.0,16.0
2616,740,-12.0,69.0,266,900,837.0,-23.0
404,740,-1.0,124.0,581,934,943.0,9.0
6241,740,3.0,222.0,1384,932,925.0,-7.0
1199,741,6.0,292.0,2007,1041,1039.0,-2.0
1238,741,41.0,180.0,1195,1155,1222.0,27.0
6322,741,96.0,61.0,109,837,1018.0,101.0
794,742,-3.0,139.0,589,851,858.0,7.0
1556,742,-5.0,156.0,1013,1025,1013.0,-12.0
3952,742,-4.0,78.0,403,914,856.0,-18.0
4978,742,199.0,205.0,1482,1210,1526.0,196.0
5208,742,16.0,140.0,964,1101,1118.0,17.0
211,743,28.0,164.0,965,932,955.0,23.0
1219,743,13.0,123.0,775,901,859.0,-2.0
4498,743,-4.0,119.0,763,1047,1038.0,-9.0
5622,744,-5.0,88.0,299,904,907.0,3.0
1539,744,0.0,233.0,1325,1028,1037.0,9.0
408,745,-3.0,288.0,2419,1544,1530.0,-14.0
1707,745,8.0,88.0,328,1010,1021.0,11.0
1730,745,-4.0,108.0,575,1037,1029.0,-8.0
1752,745,18.0,166.0,1430,1156,1149.0,-7.0
1853,745,-5.0,263.0,1587,1014,1003.0,-11.0
546,745,-6.0,258.0,2253,1527,1457.0,-30.0
561,745,0.0,274.0,1620,1023,1019.0,-4.0
371,745,-1.0,81.0,361,925,905.0,-20.0
414,745,2.0,115.0,721,1050,1042.0,-8.0
841,745,-2.0,148.0,1108,1120,1111.0,-9.0
348,745,0.0,167.0,1067,845,832.0,-13.0
766,745,-1.0,162.0,879,925,926.0,1.0
1155,745,-2.0,159.0,895,930,922.0,-8.0
598,745,-2.0,221.0,1500,945,924.0,-21.0
972,745,48.0,297.0,1910,955,1030.0,35.0
706,745,6.0,89.0,391,925,920.0,-5.0
32,745,-3.0,62.0,251,900,844.0,-16.0
716,745,0.0,106.0,545,935,931.0,-4.0
1480,745,-1.0,171.0,1085,1047,1035.0,-12.0
584,745,-5.0,280.0,1737,1014,1020.0,6.0
376,745,-1.0,130.0,761,1045,1054.0,9.0
1146,745,15.0,232.0,1660,1010,952.0,-18.0
1267,745,2.0,174.0,1012,935,941.0,6.0
1278,745,-4.0,143.0,986,1120,1104.0,-16.0
2471,745,-6.0,205.0,1119,1000,1004.0,4.0
506,745,-8.0,154.0,978,1020,1011.0,-9.0
1033,745,-10.0,148.0,1189,1130,1103.0,-27.0
1273,745,-7.0,127.0,636,957,945.0,-12.0
553,745,-5.0,117.0,874,1058,1037.0,-21.0
732,745,-5.0,64.0,270,904,844.0,-20.0
807,745,-2.0,139.0,746,1021,1002.0,-19.0
968,745,0.0,277.0,2182,1528,1522.0,-6.0
986,745,-5.0,169.0,762,955,1029.0,34.0
1237,745,0.0,69.0,214,857,854.0,-3.0
1430,745,-3.0,57.0,214,1001,939.0,-22.0
1460,745,40.0,107.0,594,945,1012.0,27.0
2648,745,-5.0,146.0,1005,1021,1006.0,-15.0
1927,745,-5.0,112.0,581,939,932.0,-7.0
1950,745,-5.0,206.0,1481,1321,1306.0,-15.0
4691,745,-4.0,127.0,533,945,948.0,3.0
5565,745,-6.0,145.0,900,1107,1104.0,-3.0
5961,745,-8.0,119.0,528,842,836.0,-6.0
6019,745,11.0,122.0,566,848,858.0,10.0
6144,745,-3.0,158.0,607,910,920.0,10.0
722,745,-5.0,178.0,1476,1252,1238.0,-14.0
2952,745,-8.0,56.0,173,910,833.0,-37.0
3015,745,0.0,0.0,383,915,0.0,0.0
5161,745,-2.0,140.0,612,859,903.0,4.0
5237,745,-3.0,0.0,984,1041,1505.0,0.0
5489,745,11.0,159.0,913,1116,1135.0,19.0
6539,745,1.0,141.0,911,1115,1107.0,-8.0
644,746,-2.0,167.0,1023,1030,1031.0,1.0
4258,746,2.0,186.0,912,945,954.0,9.0
7389,746,-10.0,64.0,162,851,840.0,-11.0
1547,747,1.0,149.0,854,922,917.0,-5.0
1236,748,-11.0,29.0,68,822,806.0,-16.0
7428,748,-7.0,54.0,150,845,835.0,-10.0
5235,748,55.0,58.0,140,844,941.0,57.0
474,750,-5.0,59.0,236,900,844.0,-16.0
685,750,19.0,321.0,1912,1105,1130.0,25.0
573,750,1.0,48.0,237,850,839.0,-11.0
621,750,-5.0,102.0,696,1040,1027.0,-13.0
670,750,1.0,239.0,1460,1050,1050.0,0.0
1036,750,-5.0,134.0,882,1115,1059.0,-16.0
1171,750,9.0,264.0,1558,1024,1023.0,-1.0
1732,750,2.0,169.0,964,942,941.0,-1.0
1736,750,2.0,139.0,927,1027,1011.0,-16.0
1763,750,-3.0,176.0,1120,957,943.0,-14.0
289,750,-7.0,183.0,867,950,946.0,-4.0
1126,750,15.0,231.0,1431,1315,1356.0,41.0
1108,750,-10.0,190.0,1389,1200,1150.0,-10.0
1476,750,0.0,0.0,328,915,0.0,0.0
1541,750,-6.0,233.0,1258,1126,1137.0,11.0
1688,750,7.0,142.0,1192,1130,1119.0,-11.0
30,750,-9.0,294.0,2537,1604,1535.0,-29.0
482,750,12.0,143.0,954,1036,1025.0,-11.0
520,750,-6.0,145.0,937,1008,1009.0,1.0
743,750,16.0,113.0,599,855,859.0,4.0
1593,750,-4.0,61.0,332,1011,947.0,-24.0
2514,750,0.0,0.0,175,845,0.0,0.0
4287,750,-4.0,104.0,427,926,930.0,4.0
5925,750,-7.0,169.0,642,907,932.0,25.0
45,750,-1.0,328.0,2355,1115,1117.0,2.0
2803,750,-5.0,67.0,296,830,752.0,-38.0
135,750,8.0,197.0,1310,1210,1215.0,5.0
718,750,63.0,194.0,1389,1200,1307.0,67.0
4854,750,-4.0,79.0,222,853,905.0,12.0
4460,750,-8.0,113.0,461,1027,1035.0,8.0
4527,750,-2.0,71.0,188,904,859.0,-5.0
5614,750,-3.0,68.0,236,900,855.0,-5.0
6613,750,-9.0,62.0,261,1006,943.0,-23.0
1592,751,44.0,160.0,937,1047,1115.0,28.0
4424,753,-1.0,94.0,416,935,926.0,-9.0
1440,754,0.0,173.0,1182,1208,1147.0,-21.0
1729,754,13.0,374.0,2402,1123,1121.0,-2.0
689,755,40.0,166.0,1090,900,921.0,21.0
672,755,-10.0,76.0,272,905,901.0,-4.0
701,755,58.0,59.0,223,855,952.0,57.0
667,755,-1.0,136.0,787,1020,1010.0,-10.0
448,755,-1.0,147.0,842,1025,1021.0,-4.0
388,755,-3.0,162.0,957,945,934.0,-11.0
3751,755,-2.0,164.0,845,935,937.0,2.0
1989,755,-2.0,187.0,1524,1320,1300.0,-20.0
386,755,0.0,176.0,1139,905,851.0,-14.0
304,755,-1.0,140.0,883,1020,1014.0,-6.0
1105,755,-1.0,194.0,1605,1339,1308.0,-31.0
1250,755,18.0,195.0,1546,1320,1328.0,8.0
1753,755,15.0,146.0,967,945,936.0,-9.0
23,755,46.0,233.0,1464,945,1034.0,49.0
94,755,15.0,281.0,2446,1615,1551.0,-24.0
1090,755,0.0,0.0,1205,915,0.0,0.0
1661,755,-1.0,155.0,985,1125,1129.0,4.0
1642,755,-4.0,195.0,1372,1200,1206.0,6.0
841,755,-2.0,124.0,718,1014,957.0,-17.0
1169,755,-13.0,114.0,667,1002,936.0,-26.0
1169,755,-2.0,359.0,2342,1055,1052.0,-3.0
2088,755,-2.0,188.0,1156,1015,1001.0,-14.0
326,755,-3.0,245.0,1598,1054,1057.0,3.0
4682,755,7.0,96.0,374,930,938.0,8.0
3047,755,236.0,103.0,475,850,1234.0,224.0
3375,755,0.0,0.0,280,858,0.0,0.0
2606,755,-1.0,68.0,209,910,902.0,-8.0
5787,755,-7.0,98.0,429,935,926.0,-9.0
5389,755,-2.0,99.0,156,906,932.0,26.0
5595,755,12.0,71.0,125,857,918.0,21.0
5178,755,11.0,43.0,73,834,849.0,15.0
6332,755,1.0,53.0,212,857,849.0,-8.0
315,757,-6.0,119.0,395,927,950.0,23.0
1216,757,0.0,209.0,1608,1250,1226.0,-24.0
433,757,-15.0,139.0,857,1025,1001.0,-24.0
5700,757,-11.0,142.0,667,905,908.0,3.0
7401,757,96.0,60.0,132,849,1033.0,104.0
6375,757,9.0,112.0,524,946,958.0,12.0
419,758,-1.0,168.0,997,1059,1045.0,-14.0
756,758,-2.0,136.0,862,1114,1112.0,-2.0
910,758,0.0,136.0,888,1125,1114.0,-11.0
1104,758,18.0,143.0,862,1115,1139.0,24.0
4389,758,-3.0,139.0,599,905,914.0,9.0
5506,758,6.0,218.0,1250,1217,1242.0,25.0
2093,759,-7.0,138.0,544,1004,1010.0,6.0
1417,759,-5.0,93.0,404,941,927.0,-14.0
361,759,6.0,189.0,1085,1109,1114.0,5.0
2280,759,-3.0,161.0,1010,1110,1037.0,-33.0
1647,759,-3.0,145.0,762,1047,1021.0,-26.0
6209,759,36.0,127.0,846,928,942.0,14.0
5313,800,0.0,42.0,109,848,842.0,-6.0
4836,800,-5.0,89.0,368,1025,1024.0,-1.0
322,800,9.0,81.0,372,931,930.0,-1.0
332,800,12.0,214.0,1235,1032,1046.0,14.0
401,800,-1.0,282.0,1605,1028,1041.0,13.0
727,800,0.0,329.0,2136,1035,1029.0,-6.0
858,800,0.0,138.0,646,1026,1018.0,-8.0
1735,800,1.0,143.0,683,1022,1024.0,2.0
1773,800,-5.0,149.0,951,1039,1024.0,-15.0
500,800,-4.0,274.0,1943,1004,930.0,-34.0
662,800,-2.0,111.0,447,940,949.0,9.0
834,800,-4.0,79.0,414,945,915.0,-30.0
1493,800,2.0,62.0,236,910,904.0,-6.0
174,800,-6.0,305.0,2565,1630,1559.0,-31.0
1930,800,-1.0,75.0,337,920,914.0,-6.0
1,800,-8.0,286.0,2442,1600,1538.0,-22.0
219,800,-1.0,225.0,1504,1000,944.0,-16.0
501,800,-4.0,182.0,1069,1105,1058.0,-7.0
2868,800,-2.0,135.0,1184,1145,1113.0,-32.0
442,800,0.0,261.0,1749,940,921.0,-19.0
446,800,-11.0,100.0,519,1045,1029.0,-16.0
4657,800,-2.0,199.0,1521,1330,1317.0,-13.0
1768,800,-8.0,61.0,255,1005,953.0,-12.0
688,800,-4.0,84.0,480,945,920.0,-25.0
1874,800,-1.0,129.0,969,1120,1108.0,-12.0
788,800,-1.0,96.0,328,915,935.0,20.0
4300,800,-4.0,74.0,327,930,910.0,-20.0
1847,800,-3.0,173.0,1072,1105,1050.0,-15.0
119,800,-6.0,100.0,515,945,934.0,-11.0
336,800,-5.0,170.0,1050,1055,1045.0,-10.0
3133,800,2.0,67.0,277,905,909.0,4.0
1107,800,-7.0,147.0,937,1034,1020.0,-14.0
1130,800,-1.0,223.0,1744,1410,1342.0,-28.0
1218,800,0.0,172.0,1024,1137,1152.0,15.0
1523,800,9.0,391.0,2704,1150,1140.0,-10.0
1610,800,14.0,151.0,1005,1142,1145.0,3.0
1620,800,0.0,108.0,733,1109,1048.0,-21.0
1630,800,-2.0,86.0,315,833,824.0,-9.0
514,800,-9.0,129.0,964,1121,1100.0,-21.0
522,800,-8.0,117.0,759,1005,949.0,-16.0
540,800,25.0,145.0,868,1115,1150.0,35.0
15,800,-5.0,453.0,2586,1140,1228.0,48.0
190,800,1.0,176.0,740,955,957.0,2.0
206,800,63.0,180.0,1121,1145,1303.0,78.0
306,800,-1.0,280.0,2342,1552,1539.0,-13.0
1141,800,-8.0,122.0,550,1000,954.0,-6.0
1275,800,-5.0,220.0,1623,1255,1235.0,-20.0
1316,800,7.0,159.0,1205,1255,1246.0,-9.0
1326,800,41.0,90.0,585,950,1011.0,21.0
1422,800,78.0,145.0,769,925,1043.0,78.0
1081,800,-1.0,353.0,2288,1050,1052.0,2.0
1677,800,86.0,98.0,432,930,1104.0,94.0
2255,800,-3.0,151.0,1158,1140,1128.0,-12.0
2287,800,-4.0,205.0,1047,1200,1221.0,21.0
2381,800,-1.0,270.0,2218,1540,1529.0,-11.0
2470,800,-4.0,230.0,1562,1225,1246.0,21.0
2428,800,-3.0,173.0,1235,1300,1250.0,-10.0
2413,800,128.0,211.0,1235,930,1139.0,129.0
1,800,-4.0,341.0,2329,1100,1037.0,-23.0
8,800,9.0,279.0,2402,1609,1548.0,-21.0
23,800,-3.0,255.0,1721,1039,1012.0,-27.0
62,800,-12.0,110.0,571,940,938.0,-2.0
83,800,2.0,211.0,1448,1055,1033.0,-22.0
337,800,7.0,118.0,697,1004,1005.0,1.0
493,800,-8.0,177.0,1050,1054,1049.0,-5.0
527,800,-12.0,155.0,978,1055,1023.0,-32.0
626,800,-8.0,116.0,763,1002,948.0,-14.0
637,800,-9.0,172.0,1107,1000,943.0,-17.0
665,800,-5.0,286.0,1660,1034,1041.0,7.0
679,800,-6.0,167.0,1024,1011,941.0,-30.0
690,800,-3.0,65.0,224,900,902.0,2.0
113,800,1.0,170.0,1097,1111,1051.0,-20.0
287,800,-3.0,394.0,2611,1135,1131.0,-4.0
434,800,0.0,323.0,2704,1629,1623.0,-6.0
617,800,-5.0,79.0,187,916,914.0,-2.0
677,800,-8.0,147.0,828,1038,1019.0,-19.0
1015,800,-10.0,75.0,319,912,905.0,-7.0
1347,800,-6.0,187.0,1554,1241,1201.0,-40.0
1783,800,-1.0,175.0,944,1101,1054.0,-7.0
1888,800,-3.0,150.0,1091,1037,1027.0,-10.0
428,800,-7.0,173.0,1005,1111,1046.0,-25.0
786,800,58.0,139.0,852,1022,1117.0,55.0
819,800,-6.0,215.0,1124,1027,1029.0,2.0
873,800,-7.0,249.0,1599,1106,1102.0,-4.0
878,800,-1.0,107.0,651,1057,1046.0,-11.0
994,800,-5.0,161.0,1076,1051,1036.0,-15.0
1139,800,-6.0,108.0,547,1004,942.0,-22.0
1382,800,0.0,223.0,1547,1057,1043.0,-14.0
1465,800,-2.0,196.0,1306,1027,1014.0,-13.0
1969,800,-5.0,172.0,1269,1256,1247.0,-9.0
1972,800,13.0,195.0,1521,1228,1228.0,0.0
2030,800,38.0,98.0,591,1057,1116.0,19.0
2226,800,-1.0,98.0,581,950,937.0,-13.0
2325,800,0.0,183.0,1076,1124,1103.0,-21.0
2339,800,-2.0,156.0,1035,1043,1034.0,-9.0
2395,800,-2.0,169.0,1035,1114,1047.0,-27.0
2494,800,35.0,195.0,1029,1023,1050.0,27.0
2594,800,0.0,282.0,1620,1045,1042.0,-3.0
2611,800,-6.0,183.0,1086,1105,1057.0,-8.0
2655,800,-4.0,186.0,1074,1129,1102.0,-27.0
1616,800,0.0,168.0,1199,1305,1248.0,-17.0
1758,800,-3.0,223.0,1640,1352,1340.0,-12.0
1904,800,-2.0,194.0,1127,1102,1112.0,10.0
1930,800,20.0,170.0,1276,1207,1210.0,3.0
1511,800,-5.0,182.0,1068,1121,1057.0,-24.0
1586,800,-2.0,155.0,1011,1033,1033.0,0.0
5086,800,-1.0,121.0,722,1012,1000.0,-12.0
6070,800,-4.0,126.0,616,910,902.0,-8.0
6120,800,15.0,67.0,195,915,922.0,7.0
6016,800,-9.0,205.0,1014,1020,1016.0,-4.0
6073,800,-5.0,122.0,303,924,957.0,33.0
657,800,-2.0,135.0,967,939,913.0,-26.0
10,800,10.0,303.0,2556,1525,1513.0,-12.0
35,800,-10.0,414.0,2917,1140,1144.0,4.0
337,800,-6.0,45.0,163,843,839.0,-4.0
116,800,-7.0,40.0,100,837,833.0,-4.0
2780,800,0.0,0.0,853,1018,0.0,0.0
2797,800,-2.0,85.0,323,835,823.0,-12.0
2912,800,-3.0,157.0,888,1120,1134.0,14.0
2891,800,-5.0,100.0,130,910,935.0,25.0
3065,800,0.0,0.0,999,1123,0.0,0.0
3154,800,0.0,0.0,641,948,0.0,0.0
3320,800,0.0,0.0,140,843,0.0,0.0
3389,800,0.0,0.0,280,925,0.0,0.0
4316,800,1.0,174.0,851,940,955.0,15.0
218,800,15.0,148.0,977,1025,1043.0,18.0
858,800,-8.0,179.0,1303,1258,1251.0,-7.0
5298,800,-10.0,51.0,67,854,841.0,-13.0
6283,800,180.0,95.0,421,936,1235.0,179.0
6240,800,-2.0,314.0,1499,1007,1112.0,65.0
3497,800,-2.0,152.0,1068,1005,930.0,-35.0
3499,800,30.0,123.0,630,855,933.0,38.0
2583,800,-4.0,42.0,109,850,838.0,-12.0
5556,800,0.0,95.0,612,1051,1035.0,-16.0
6464,800,-4.0,169.0,964,1005,945.0,-20.0
6580,800,89.0,44.0,160,855,1013.0,78.0
6615,800,0.0,0.0,119,856,0.0,0.0
6487,800,-2.0,84.0,262,930,922.0,-8.0
6521,800,59.0,132.0,853,930,1011.0,41.0
559,801,-3.0,207.0,1208,1034,1025.0,-9.0
562,801,-5.0,108.0,628,1049,1044.0,-5.0
1235,802,26.0,347.0,2419,1114,1115.0,1.0
1492,802,3.0,172.0,1005,958,957.0,-1.0
1596,802,3.0,168.0,967,1135,1153.0,18.0
219,802,-2.0,120.0,541,1010,1000.0,-10.0
6394,802,-5.0,156.0,752,1015,1033.0,18.0
6058,803,-8.0,130.0,926,1128,1105.0,-23.0
456,804,1.0,149.0,862,939,934.0,-5.0
1226,804,-12.0,79.0,369,925,911.0,-14.0
1689,804,-5.0,190.0,1145,1115,1109.0,-6.0
5241,804,17.0,129.0,794,1116,1130.0,14.0
6431,804,19.0,177.0,1211,1256,1320.0,24.0
879,805,-2.0,153.0,644,1020,1036.0,16.0
1803,805,-4.0,144.0,602,1015,1025.0,10.0
2077,805,0.0,148.0,529,1008,1033.0,25.0
696,805,1.0,131.0,696,920,917.0,-3.0
801,805,-8.0,84.0,369,940,921.0,-19.0
1824,805,-3.0,79.0,369,930,921.0,-9.0
495,805,-4.0,84.0,546,940,925.0,-15.0
678,805,-9.0,183.0,1015,915,859.0,-16.0
662,805,-9.0,94.0,460,940,930.0,-10.0
393,805,1.0,171.0,1062,1000,957.0,-3.0
1629,805,0.0,177.0,1444,1220,1202.0,-18.0
356,805,-6.0,130.0,523,915,909.0,-6.0
500,805,0.0,0.0,738,1105,0.0,0.0
372,805,-2.0,136.0,781,945,919.0,-26.0
1073,805,0.0,277.0,1452,1011,1042.0,31.0
1156,805,1.0,202.0,1607,1342,1328.0,-14.0
1173,805,27.0,324.0,2398,1139,1156.0,17.0
1454,805,7.0,231.0,1514,1008,1003.0,-5.0
1646,805,-2.0,78.0,305,922,921.0,-1.0
1686,805,9.0,156.0,811,1033,1050.0,17.0
534,805,-2.0,192.0,1009,1011,1015.0,4.0
625,805,-4.0,187.0,1037,957,1008.0,11.0
31,805,23.0,362.0,2556,1210,1230.0,20.0
110,805,-4.0,211.0,1726,1355,1332.0,-23.0
1274,805,0.0,0.0,247,915,0.0,0.0
1577,805,-11.0,77.0,237,920,911.0,-9.0
1680,805,0.0,154.0,1055,1245,1239.0,-6.0
2286,805,0.0,0.0,247,915,0.0,0.0
16,805,1.0,328.0,2554,1625,1634.0,9.0
1105,805,0.0,249.0,1590,1030,1014.0,-16.0
1308,805,6.0,115.0,813,1111,1106.0,-5.0
1460,805,0.0,0.0,868,955,0.0,0.0
2027,805,9.0,170.0,950,1110,1104.0,-6.0
769,805,-2.0,99.0,628,857,842.0,-15.0
403,805,36.0,137.0,862,929,958.0,29.0
3200,805,31.0,104.0,282,908,1020.0,72.0
2587,805,-10.0,77.0,451,1030,1012.0,-18.0
4670,805,-5.0,132.0,695,1031,1012.0,-19.0
5259,805,10.0,112.0,770,1107,1107.0,0.0
4476,805,38.0,149.0,987,1045,1112.0,27.0
4597,805,-5.0,143.0,784,1133,1123.0,-10.0
5469,805,-6.0,142.0,536,905,921.0,16.0
5533,805,-9.0,82.0,455,938,918.0,-20.0
5253,805,31.0,118.0,639,1012,1034.0,22.0
6404,805,-7.0,93.0,451,940,931.0,-9.0
6407,805,-5.0,186.0,1013,1006,1006.0,0.0
6527,805,-11.0,102.0,451,953,936.0,-17.0
606,806,-8.0,152.0,965,1050,1030.0,-20.0
4983,806,7.0,205.0,1123,930,938.0,8.0
6379,806,-1.0,189.0,1041,1117,1114.0,-3.0
6343,806,1.0,86.0,372,938,933.0,-5.0
5181,807,-6.0,140.0,737,1115,1121.0,6.0
1509,808,4.0,218.0,1190,1036,1050.0,14.0
1611,808,2.0,202.0,1379,1325,1332.0,7.0
6171,808,85.0,67.0,141,916,1040.0,84.0
342,808,1.0,58.0,216,858,907.0,9.0
5366,808,0.0,0.0,573,858,0.0,0.0
6389,808,-5.0,65.0,224,1013,1008.0,-5.0
786,809,-2.0,280.0,2358,1601,1547.0,-14.0
2350,809,-5.0,88.0,509,1008,932.0,-36.0
6360,809,-8.0,66.0,196,909,907.0,-2.0
6452,810,-6.0,128.0,209,930,1012.0,42.0
229,810,15.0,331.0,2253,1055,1056.0,1.0
326,810,11.0,346.0,2306,1111,1107.0,-4.0
345,810,10.0,189.0,1346,1318,1329.0,11.0
682,810,-10.0,270.0,2239,1550,1530.0,-20.0
850,810,-3.0,147.0,603,1033,1034.0,1.0
1964,810,-4.0,159.0,813,1045,1045.0,0.0
709,810,-2.0,245.0,1723,1040,1013.0,-27.0
162,810,0.0,297.0,2454,1630,1607.0,-23.0
2098,810,-8.0,107.0,666,1015,949.0,-26.0
3207,810,-3.0,176.0,1050,1115,1103.0,-12.0
912,810,12.0,156.0,738,930,958.0,28.0
376,810,3.0,110.0,651,920,903.0,-17.0
488,810,-7.0,136.0,973,1135,1119.0,-16.0
873,810,20.0,89.0,562,1040,1059.0,19.0
399,810,-3.0,68.0,220,930,915.0,-15.0
833,810,-5.0,62.0,270,920,907.0,-13.0
2400,810,-3.0,175.0,1313,1305,1302.0,-3.0
125,810,7.0,167.0,909,1135,1204.0,29.0
1481,810,-1.0,200.0,1571,1254,1229.0,-25.0
466,810,-1.0,155.0,728,1045,1044.0,-1.0
490,810,-9.0,119.0,631,1009,1000.0,-9.0
44,810,-7.0,272.0,2248,1605,1535.0,-30.0
1608,810,-13.0,240.0,1616,1355,1357.0,2.0
548,810,6.0,153.0,987,1044,1049.0,5.0
427,810,-4.0,106.0,369,948,952.0,4.0
816,810,-5.0,84.0,395,935,929.0,-6.0
853,810,0.0,142.0,1046,1138,1132.0,-6.0
1326,810,3.0,170.0,1084,1121,1103.0,-18.0
2190,810,-2.0,205.0,1089,1132,1133.0,1.0
2258,810,-1.0,198.0,1174,1023,1027.0,4.0
2513,810,10.0,136.0,761,937,936.0,-1.0
55,810,-1.0,133.0,689,932,922.0,-10.0
1578,810,-1.0,208.0,1199,940,937.0,-3.0
4401,810,-3.0,121.0,760,1120,1108.0,-12.0
4722,810,-10.0,124.0,531,910,904.0,-6.0
4948,810,-9.0,97.0,481,1005,938.0,-27.0
5276,810,-6.0,52.0,106,905,856.0,-9.0
5477,810,-7.0,99.0,554,1013,942.0,-31.0
5537,810,-5.0,112.0,646,1011,957.0,-14.0
5936,810,-7.0,103.0,576,919,846.0,-33.0
553,810,-6.0,130.0,853,928,914.0,-14.0
111,810,48.0,42.0,121,848,940.0,52.0
3474,810,-10.0,133.0,764,1120,1113.0,-7.0
3544,810,0.0,0.0,922,1123,0.0,0.0
3576,810,-11.0,138.0,859,1134,1117.0,-17.0
188,810,5.0,232.0,1749,1502,1507.0,5.0
103,810,-9.0,95.0,529,957,936.0,-21.0
695,810,8.0,339.0,2106,1032,1057.0,25.0
6234,810,-1.0,183.0,896,955,1012.0,17.0
250,811,-4.0,279.0,2327,1603,1546.0,-17.0
275,811,-5.0,300.0,2475,1630,1606.0,-24.0
491,811,0.0,115.0,602,1015,1006.0,-9.0
796,811,-2.0,320.0,2065,1031,1029.0,-2.0
1122,811,-4.0,109.0,515,953,956.0,3.0
6228,811,13.0,111.0,649,1017,1015.0,-2.0
4993,811,-9.0,51.0,177,1014,953.0,-21.0
454,812,-3.0,97.0,678,1114,1046.0,-28.0
1142,812,34.0,250.0,1546,1020,1056.0,36.0
2243,812,-9.0,198.0,1096,1129,1121.0,-8.0
736,812,-10.0,72.0,354,939,914.0,-25.0
1665,813,21.0,272.0,1744,1050,1106.0,16.0
4158,813,-1.0,144.0,837,1044,1036.0,-8.0
509,813,-8.0,38.0,102,850,843.0,-7.0
1168,814,-8.0,152.0,1056,1059,1038.0,-21.0
3261,814,-7.0,115.0,534,1018,1002.0,-16.0
4537,814,11.0,189.0,946,1023,1034.0,11.0
368,814,-2.0,46.0,163,857,858.0,1.0
5577,814,-8.0,173.0,902,1203,1159.0,-4.0
270,815,-5.0,256.0,1491,1021,1026.0,5.0
310,815,-8.0,163.0,1023,1104,1050.0,-14.0
1797,815,-2.0,128.0,546,1016,1021.0,5.0
1814,815,29.0,256.0,2075,1432,1500.0,28.0
1841,815,-8.0,185.0,1337,1323,1312.0,-11.0
1862,815,-2.0,125.0,541,1023,1018.0,-5.0
2053,815,7.0,118.0,500,1012,1020.0,8.0
2063,815,-2.0,230.0,1771,1505,1503.0,-2.0
310,815,-7.0,155.0,1072,1050,1043.0,-7.0
925,815,77.0,80.0,488,950,1052.0,62.0
676,815,0.0,65.0,368,840,820.0,-20.0
189,815,10.0,201.0,1259,1230,1246.0,16.0
903,815,-5.0,130.0,842,1035,1020.0,-15.0
199,815,-3.0,125.0,814,1025,1017.0,-8.0
914,815,-5.0,88.0,583,1005,938.0,-27.0
1460,815,2.0,198.0,1440,1235,1235.0,0.0
1290,815,4.0,224.0,1726,1420,1403.0,-17.0
1498,815,-9.0,286.0,2454,1634,1552.0,-42.0
604,815,-3.0,118.0,600,1010,1010.0,0.0
50,815,9.0,179.0,989,1200,1223.0,23.0
300,815,-1.0,188.0,1437,1235,1222.0,-13.0
314,815,-7.0,139.0,731,1115,1127.0,12.0
240,815,-1.0,270.0,2311,1605,1544.0,-21.0
1121,815,26.0,254.0,1389,1130,1155.0,25.0
1217,815,-3.0,98.0,447,955,950.0,-5.0
1222,815,1.0,155.0,813,1125,1151.0,26.0
1475,815,-4.0,84.0,190,915,935.0,20.0
1652,815,-9.0,97.0,594,1012,943.0,-29.0
4,815,-3.0,281.0,2329,1610,1553.0,-17.0
766,815,0.0,284.0,2335,1620,1559.0,-21.0
123,815,-5.0,387.0,2475,1135,1137.0,2.0
124,815,-1.0,298.0,2475,1631,1612.0,-19.0
493,815,2.0,313.0,1754,1103,1130.0,27.0
1776,815,-14.0,70.0,280,937,911.0,-26.0
472,815,-7.0,415.0,2475,1150,1203.0,13.0
782,815,-2.0,170.0,1089,1108,1103.0,-5.0
1137,815,-6.0,73.0,356,956,922.0,-34.0
1184,815,-3.0,99.0,545,1005,951.0,-14.0
1197,815,-6.0,365.0,2486,1207,1214.0,7.0
1368,815,-6.0,208.0,1464,1345,1337.0,-8.0
1966,815,1.0,141.0,731,1118,1137.0,19.0
2012,815,-13.0,184.0,1028,1123,1106.0,-17.0
2049,815,0.0,299.0,2139,1043,1014.0,-29.0
2210,815,-2.0,357.0,2677,1229,1210.0,-19.0
2277,815,-8.0,181.0,1069,1137,1108.0,-29.0
2441,815,0.0,74.0,332,844,829.0,-15.0
1775,815,-8.0,177.0,1084,1108,1104.0,-4.0
5995,815,-5.0,80.0,343,849,830.0,-19.0
6188,815,14.0,115.0,416,845,924.0,39.0
261,815,3.0,139.0,846,935,937.0,2.0
2832,815,15.0,116.0,603,958,1026.0,28.0
2753,815,4.0,75.0,296,850,834.0,-16.0
2897,815,0.0,0.0,500,943,0.0,0.0
2905,815,-7.0,73.0,303,850,821.0,-29.0
3322,815,0.0,0.0,158,915,0.0,0.0
3465,815,-5.0,99.0,427,958,949.0,-9.0
3586,815,-9.0,109.0,479,1000,955.0,-5.0
815,815,-1.0,135.0,837,1043,1029.0,-14.0
2642,815,-9.0,124.0,567,920,910.0,-10.0
4700,815,-4.0,189.0,989,1016,1020.0,4.0
6378,815,100.0,109.0,606,1116,1244.0,88.0
7379,815,-11.0,50.0,221,905,854.0,-11.0
1149,816,4.0,126.0,758,1035,1026.0,-9.0
1150,816,10.0,326.0,2556,1550,1552.0,2.0
4111,816,3.0,120.0,628,1026,1019.0,-7.0
5688,816,-9.0,68.0,288,937,915.0,-22.0
6482,816,-5.0,55.0,73,910,906.0,-4.0
155,817,-8.0,36.0,100,852,845.0,-7.0
1161,818,34.0,240.0,1846,1100,1052.0,-8.0
2,818,43.0,159.0,1069,1100,1140.0,40.0
801,818,-2.0,147.0,957,1100,1043.0,-17.0
812,818,0.0,0.0,929,1134,0.0,0.0
1418,819,-4.0,67.0,191,919,922.0,3.0
2076,820,-3.0,109.0,590,1015,1006.0,-9.0
484,820,-9.0,147.0,853,1146,1138.0,-8.0
108,820,-4.0,263.0,2288,1605,1539.0,-26.0
340,820,-4.0,327.0,2583,1640,1643.0,3.0
251,820,11.0,53.0,189,920,924.0,4.0
658,820,-1.0,258.0,1491,1035,1037.0,2.0
1841,820,-4.0,138.0,745,940,934.0,-6.0
1851,820,-5.0,55.0,223,925,910.0,-15.0
321,820,-2.0,118.0,628,915,916.0,1.0
450,820,6.0,104.0,581,1010,1010.0,0.0
4304,820,-4.0,66.0,338,1030,1022.0,-8.0
1046,820,3.0,335.0,2227,1116,1058.0,-18.0
1074,820,3.0,255.0,1452,1022,1038.0,16.0
1220,820,-2.0,265.0,1506,1022,1043.0,21.0
1460,820,-4.0,103.0,337,959,959.0,0.0
1561,820,18.0,135.0,1009,1152,1153.0,1.0
1688,820,4.0,245.0,2072,1500,1429.0,-31.0
457,820,2.0,169.0,868,1012,1011.0,-1.0
591,820,36.0,115.0,621,916,951.0,35.0
96,820,11.0,94.0,550,955,1005.0,10.0
242,820,-2.0,248.0,1846,1430,1426.0,-4.0
1301,820,0.0,0.0,852,1100,0.0,0.0
337,820,113.0,175.0,1050,1132,1308.0,96.0
2013,820,-3.0,264.0,1747,957,941.0,-16.0
2198,820,-5.0,101.0,528,1110,1056.0,-14.0
2416,820,-2.0,137.0,944,1052,1035.0,-17.0
196,820,-7.0,111.0,692,1125,1104.0,-21.0
323,820,-2.0,199.0,1547,1248,1237.0,-11.0
1510,820,-6.0,166.0,980,1026,1000.0,-26.0
1759,820,-1.0,82.0,432,1006,941.0,-25.0
6146,820,9.0,59.0,239,927,928.0,1.0
6183,820,-7.0,113.0,483,909,906.0,-3.0
1376,820,-2.0,151.0,921,1105,1049.0,-16.0
23,820,-5.0,317.0,2349,1140,1132.0,-8.0
3429,820,0.0,0.0,812,1010,0.0,0.0
3430,820,-6.0,112.0,299,945,1006.0,21.0
5242,820,-4.0,202.0,1242,1318,1338.0,20.0
5538,820,-12.0,90.0,329,949,938.0,-11.0
6551,820,-6.0,128.0,507,1014,1022.0,8.0
6604,820,-7.0,127.0,438,1011,1020.0,9.0
1150,821,0.0,173.0,1062,1020,1014.0,-6.0
2183,821,15.0,126.0,606,932,942.0,10.0
6571,821,6.0,62.0,160,917,929.0,12.0
1134,822,-3.0,108.0,545,1010,1007.0,-3.0
110,822,-1.0,314.0,1947,1030,1035.0,5.0
5698,822,-1.0,63.0,182,921,924.0,3.0
581,823,7.0,170.0,1452,1333,1320.0,-13.0
1209,823,68.0,133.0,862,1144,1244.0,60.0
1739,823,-1.0,320.0,2565,1659,1642.0,-17.0
4198,823,-5.0,155.0,657,1045,1053.0,8.0
6216,823,79.0,133.0,776,1134,1255.0,81.0
826,824,-7.0,105.0,449,1017,1002.0,-15.0
596,824,-6.0,253.0,1874,1439,1431.0,-8.0
718,825,1.0,312.0,2521,1642,1638.0,-4.0
832,825,-5.0,140.0,892,1038,1040.0,2.0
2024,825,0.0,161.0,1107,1210,1206.0,-4.0
523,825,60.0,176.0,888,1005,1121.0,76.0
1014,825,-1.0,48.0,140,924,912.0,-12.0
774,825,1.0,120.0,591,925,926.0,1.0
3486,825,-1.0,316.0,1670,1105,1140.0,35.0
4122,825,-1.0,157.0,787,1005,1001.0,-4.0
961,825,0.0,149.0,919,1115,1054.0,-21.0
3565,825,-8.0,141.0,829,1050,1038.0,-12.0
450,825,-9.0,308.0,2089,1055,1024.0,-31.0
270,825,-9.0,324.0,2556,1555,1540.0,-15.0
385,825,-8.0,118.0,631,1040,1015.0,-25.0
1479,825,0.0,181.0,936,1030,1026.0,-4.0
1667,825,-3.0,96.0,447,950,958.0,8.0
860,825,-2.0,326.0,2677,1619,1549.0,-30.0
1701,825,-1.0,208.0,1069,1135,1152.0,17.0
661,825,17.0,193.0,1599,1300,1255.0,-5.0
1477,825,2.0,103.0,606,1128,1110.0,-18.0
1952,825,-4.0,59.0,223,931,920.0,-11.0
2130,825,42.0,158.0,1080,1115,1145.0,30.0
1591,825,0.0,69.0,226,948,934.0,-14.0
1741,825,-5.0,238.0,1450,1029,1018.0,-11.0
2517,825,0.0,0.0,691,1015,0.0,0.0
2967,825,0.0,0.0,925,1138,0.0,0.0
2993,825,2.0,57.0,224,855,824.0,-31.0
3676,825,0.0,0.0,312,933,0.0,0.0
571,825,-7.0,57.0,197,928,915.0,-13.0
4630,825,-2.0,114.0,411,1019,1017.0,-2.0
6506,825,-8.0,139.0,674,1134,1136.0,2.0
1633,826,-1.0,143.0,746,1056,1048.0,-8.0
2380,826,-5.0,61.0,270,933,922.0,-11.0
1666,827,-6.0,138.0,927,1052,1039.0,-13.0
573,827,-2.0,75.0,391,953,940.0,-13.0
5548,827,9.0,152.0,850,1150,1208.0,18.0
6458,827,264.0,154.0,844,1155,1625.0,270.0
792,829,21.0,250.0,1726,1102,1100.0,-2.0
1162,829,-2.0,61.0,200,949,928.0,-21.0
281,829,-7.0,252.0,1428,1143,1134.0,-9.0
1753,830,-2.0,128.0,650,1036,1036.0,0.0
1937,830,-5.0,106.0,507,1013,1011.0,-2.0
443,830,-5.0,388.0,2475,1157,1153.0,-4.0
725,830,36.0,239.0,1440,1128,1205.0,37.0
790,830,-6.0,224.0,1635,1420,1408.0,-12.0
1024,830,0.0,375.0,2565,1212,1145.0,-27.0
360,830,-4.0,296.0,2611,1650,1622.0,-28.0
2605,830,3.0,90.0,472,1015,1003.0,-12.0
851,830,-2.0,101.0,361,1005,1009.0,4.0
563,830,0.0,149.0,883,1105,1059.0,-6.0
7,830,14.0,56.0,239,935,940.0,5.0
2599,830,6.0,127.0,917,1145,1143.0,-2.0
4218,830,-6.0,140.0,793,955,944.0,-11.0
881,830,1.0,262.0,1703,1105,1053.0,-12.0
1800,830,-2.0,152.0,1189,1215,1200.0,-15.0
2551,830,3.0,231.0,1521,1035,1024.0,-11.0
411,830,-5.0,162.0,1164,1315,1307.0,-8.0
693,830,-10.0,102.0,546,1020,1002.0,-18.0
1074,830,-1.0,201.0,1482,1345,1350.0,5.0
1083,830,9.0,330.0,2288,1110,1109.0,-1.0
1443,830,-1.0,221.0,1606,1323,1310.0,-13.0
1662,830,11.0,362.0,2442,1152,1143.0,-9.0
628,830,-3.0,161.0,936,1158,1208.0,10.0
395,830,339.0,241.0,2072,1500,2010.0,310.0
275,830,-2.0,57.0,192,937,925.0,-12.0
1231,830,-4.0,212.0,1438,1400,1358.0,-2.0
1110,830,-3.0,185.0,1389,1245,1232.0,-13.0
1352,830,53.0,60.0,258,950,1023.0,33.0
1296,830,-6.0,62.0,190,940,926.0,-14.0
1082,830,-2.0,163.0,1096,1122,1111.0,-11.0
1085,830,11.0,181.0,1089,1154,1142.0,-12.0
2263,830,0.0,0.0,926,1150,0.0,0.0
2430,830,5.0,177.0,1235,1335,1332.0,-3.0
34,830,15.0,218.0,1721,1425,1423.0,-2.0
774,830,-4.0,324.0,2520,1715,1650.0,-25.0
133,830,4.0,416.0,2704,1219,1230.0,11.0
27,830,-6.0,167.0,937,1127,1111.0,-16.0
465,830,-1.0,216.0,1249,1213,1205.0,-8.0
1077,830,8.0,365.0,2381,1139,1143.0,4.0
905,830,-2.0,166.0,740,1019,1014.0,-5.0
414,830,86.0,322.0,2586,1655,1818.0,83.0
485,830,-5.0,138.0,760,1116,1043.0,-33.0
611,830,-5.0,363.0,2556,1228,1228.0,0.0
784,830,-4.0,174.0,907,1012,1020.0,8.0
974,830,165.0,65.0,237,850,1120.0,150.0
989,830,31.0,147.0,983,1120,1128.0,8.0
1153,830,-6.0,88.0,406,1010,952.0,-18.0
1357,830,-6.0,212.0,1598,1330,1256.0,-34.0
903,830,-7.0,158.0,748,1145,1201.0,16.0
2050,830,-5.0,182.0,1121,1154,1127.0,-27.0
2119,830,0.0,185.0,1020,1046,1035.0,-11.0
2122,830,43.0,197.0,1671,1415,1430.0,15.0
2192,830,-7.0,161.0,983,1114,1104.0,-10.0
2328,830,30.0,152.0,957,1105,1132.0,27.0
1524,830,10.0,215.0,1590,1417,1415.0,-2.0
1718,830,-5.0,74.0,404,1010,939.0,-31.0
1733,830,-2.0,105.0,721,1130,1113.0,-17.0
1567,830,-1.0,176.0,1056,1131,1125.0,-6.0
2548,830,-1.0,89.0,383,950,958.0,8.0
5288,830,-5.0,190.0,970,1029,1035.0,6.0
5589,830,-5.0,63.0,302,850,828.0,-22.0
530,830,-5.0,137.0,895,1144,1142.0,-2.0
903,830,19.0,161.0,1026,1146,1130.0,-16.0
2969,830,-2.0,76.0,265,900,844.0,-16.0
3277,830,-1.0,52.0,137,840,821.0,-19.0
3433,830,0.0,0.0,408,948,0.0,0.0
3481,830,-4.0,64.0,157,835,830.0,-5.0
657,830,-5.0,119.0,674,938,924.0,-14.0
847,830,46.0,155.0,733,1008,1051.0,43.0
6207,830,-5.0,101.0,414,1006,1006.0,0.0
4655,830,-8.0,100.0,449,1018,1002.0,-16.0
4539,830,-3.0,125.0,601,1029,1032.0,3.0
5446,830,-8.0,56.0,157,1028,1018.0,-10.0
4730,830,-4.0,158.0,926,1018,1004.0,-14.0
3222,830,0.0,0.0,821,1038,0.0,0.0
5544,830,-7.0,103.0,516,1112,1106.0,-6.0
5636,830,-6.0,89.0,329,1017,953.0,-24.0
7367,830,-9.0,68.0,198,943,929.0,-14.0
6517,830,-7.0,121.0,451,910,924.0,14.0
290,831,-2.0,81.0,399,958,950.0,-8.0
2025,831,-4.0,102.0,577,1020,1009.0,-11.0
6184,831,5.0,112.0,456,908,928.0,20.0
124,831,41.0,31.0,102,903,943.0,40.0
5214,831,-2.0,194.0,1042,1037,1043.0,6.0
5477,831,-9.0,79.0,89,925,941.0,16.0
5512,831,-12.0,160.0,826,1015,959.0,-16.0
2310,832,-2.0,137.0,731,1005,947.0,-18.0
4471,832,-5.0,116.0,529,1023,1023.0,0.0
5192,834,-1.0,143.0,784,1202,1156.0,-6.0
278,835,0.0,121.0,679,1048,1036.0,-12.0
690,835,0.0,419.0,2917,1220,1234.0,14.0
754,835,-5.0,286.0,2402,1639,1616.0,-23.0
1949,835,-7.0,89.0,430,1019,957.0,-22.0
549,835,28.0,245.0,1739,1112,1108.0,-4.0
681,835,-6.0,210.0,1209,1105,1059.0,-6.0
4859,835,-4.0,120.0,663,1045,1031.0,-14.0
23,835,-1.0,119.0,651,1130,1133.0,3.0
1093,835,2.0,120.0,639,1035,1037.0,2.0
789,835,-5.0,68.0,306,1000,938.0,-22.0
1652,835,-4.0,74.0,401,955,945.0,-10.0
2182,835,-7.0,78.0,486,1100,1046.0,-14.0
3305,835,0.0,92.0,570,1020,1007.0,-13.0
902,835,-2.0,68.0,333,945,941.0,-4.0
922,835,-7.0,93.0,472,920,901.0,-19.0
416,835,126.0,148.0,1020,1213,1409.0,116.0
455,835,-3.0,96.0,507,1013,1008.0,-5.0
560,835,10.0,170.0,1107,1042,1035.0,-7.0
48,835,-5.0,164.0,1171,1330,1314.0,-16.0
1077,835,-12.0,216.0,1217,1110,1059.0,-11.0
1279,835,3.0,88.0,583,1020,1006.0,-14.0
1557,835,-7.0,152.0,761,1010,1000.0,-10.0
32,835,-2.0,302.0,2378,1638,1635.0,-3.0
718,835,7.0,111.0,626,940,933.0,-7.0
879,835,-6.0,375.0,2701,1305,1244.0,-21.0
1025,835,1.0,180.0,1005,1142,1136.0,-6.0
1383,835,-6.0,117.0,612,1047,1026.0,-21.0
454,835,49.0,195.0,1623,1336,1339.0,3.0
1439,835,-5.0,85.0,440,1108,1055.0,-13.0
1444,835,-6.0,71.0,405,1019,940.0,-39.0
2048,835,-3.0,115.0,502,1030,1027.0,-3.0
2063,835,-7.0,160.0,931,1026,1008.0,-18.0
2167,835,-4.0,242.0,1481,1049,1033.0,-16.0
2243,835,-9.0,168.0,980,1037,1014.0,-23.0
2423,835,0.0,284.0,1927,1045,1019.0,-26.0
1945,835,-3.0,148.0,1022,1137,1100.0,-37.0
828,835,-6.0,84.0,533,1105,1053.0,-12.0
2755,835,0.0,0.0,351,948,0.0,0.0
3007,835,0.0,0.0,931,1158,0.0,0.0
3120,835,-5.0,100.0,135,940,1010.0,30.0
3283,835,-6.0,70.0,240,900,839.0,-21.0
121,835,-4.0,154.0,1120,1227,1205.0,-22.0
5306,835,9.0,41.0,86,926,925.0,-1.0
2602,835,-2.0,122.0,715,1130,1135.0,5.0
6289,835,-3.0,68.0,193,940,940.0,0.0
4608,835,5.0,45.0,129,925,925.0,0.0
5243,835,-8.0,164.0,793,1020,1011.0,-9.0
5439,835,-10.0,107.0,304,1009,1012.0,3.0
1092,836,-4.0,168.0,1065,1129,1120.0,-9.0
651,836,-7.0,179.0,1237,1228,1228.0,0.0
1863,836,7.0,146.0,957,1128,1109.0,-19.0
4701,836,-10.0,114.0,463,1024,1020.0,-4.0
1086,837,-3.0,210.0,1075,1056,1104.0,8.0
675,837,16.0,60.0,177,948,953.0,5.0
5445,837,96.0,60.0,190,945,1113.0,88.0
5640,837,-3.0,89.0,262,1001,1003.0,2.0
6336,837,-5.0,57.0,192,938,929.0,-9.0
1308,838,-8.0,69.0,228,950,939.0,-11.0
4207,838,-9.0,184.0,872,1025,1033.0,8.0
5555,838,-5.0,69.0,192,948,942.0,-6.0
706,838,-6.0,161.0,1062,1205,1213.0,8.0
872,838,-9.0,250.0,1836,1444,1439.0,-5.0
1148,839,2.0,347.0,2446,1154,1128.0,-26.0
107,839,-8.0,212.0,1171,952,1003.0,11.0
5187,839,2.0,139.0,848,1000,1000.0,0.0
5551,839,19.0,153.0,1024,1040,1031.0,-9.0
5539,839,4.0,112.0,599,1131,1135.0,4.0
6459,839,-5.0,89.0,416,1015,1003.0,-12.0
245,840,3.0,155.0,1120,1239,1218.0,-21.0
306,840,-6.0,269.0,2329,1636,1603.0,-33.0
1831,840,-5.0,97.0,366,1019,1012.0,-7.0
567,840,127.0,352.0,2419,1147,1339.0,112.0
773,840,3.0,236.0,1290,1025,1039.0,14.0
312,840,1.0,277.0,2218,1620,1618.0,-2.0
4547,840,-5.0,110.0,628,935,925.0,-10.0
2863,840,-1.0,239.0,1590,1000,938.0,-22.0
4660,840,-4.0,257.0,2039,1600,1553.0,-7.0
1940,840,-2.0,87.0,601,1125,1105.0,-20.0
1165,840,-3.0,154.0,1066,1230,1211.0,-19.0
144,840,1.0,156.0,1024,1215,1217.0,2.0
699,840,-3.0,165.0,948,1215,1222.0,7.0
1782,840,3.0,85.0,397,1000,1008.0,8.0
416,840,-8.0,54.0,272,940,926.0,-14.0
491,840,7.0,93.0,370,910,920.0,10.0
53,840,-2.0,350.0,2311,1140,1128.0,-12.0
59,840,-3.0,352.0,2504,1230,1229.0,-1.0
208,840,2.0,285.0,2342,1633,1627.0,-6.0
1033,840,54.0,243.0,1671,1445,1537.0,52.0
1387,840,-3.0,149.0,1172,1215,1206.0,-9.0
1339,840,-4.0,211.0,1061,1100,1107.0,7.0
1155,840,-1.0,158.0,919,1133,1117.0,-16.0
1575,840,-4.0,227.0,1303,1135,1123.0,-12.0
1503,840,-6.0,198.0,1119,1055,1052.0,-3.0
38,840,17.0,349.0,2717,1730,1746.0,16.0
455,840,-1.0,161.0,954,1127,1120.0,-7.0
795,840,13.0,269.0,1521,1209,1222.0,13.0
1221,840,-1.0,289.0,1965,1046,1028.0,-18.0
1995,840,21.0,80.0,406,1005,1021.0,16.0
2316,840,-6.0,276.0,1749,1030,1010.0,-20.0
1494,840,-4.0,100.0,666,1039,1016.0,-23.0
1579,840,-6.0,176.0,1145,1155,1130.0,-25.0
2385,840,-7.0,176.0,918,1155,1229.0,34.0
2556,840,0.0,0.0,164,930,0.0,0.0
4169,840,-8.0,134.0,562,1032,1046.0,14.0
5283,840,-7.0,79.0,363,1104,1052.0,-12.0
6149,840,-5.0,68.0,240,904,843.0,-21.0
1,840,0.0,364.0,2556,1225,1244.0,19.0
121,840,-4.0,55.0,216,930,931.0,1.0
3342,840,0.0,0.0,785,1143,0.0,0.0
3364,840,0.0,0.0,597,1018,0.0,0.0
151,840,-8.0,158.0,936,1111,1110.0,-1.0
4441,840,-7.0,73.0,386,1018,946.0,-32.0
5223,840,10.0,125.0,599,955,955.0,0.0
5534,840,-9.0,150.0,679,1045,1101.0,16.0
6508,840,-9.0,149.0,848,1155,1200.0,5.0
4585,841,0.0,65.0,74,935,946.0,11.0
1615,841,-4.0,280.0,2419,1640,1617.0,-23.0
4451,841,-4.0,81.0,337,1009,958.0,-11.0
496,842,-1.0,102.0,550,1034,1023.0,-11.0
745,843,0.0,299.0,2079,1115,1042.0,-33.0
520,843,-2.0,185.0,1201,1330,1346.0,16.0
117,843,-5.0,41.0,163,926,919.0,-7.0
5398,843,20.0,43.0,86,940,946.0,6.0
1319,844,0.0,75.0,235,919,859.0,-20.0
713,845,3.0,75.0,328,1012,1003.0,-9.0
1729,845,2.0,97.0,468,1025,1024.0,-1.0
1751,845,48.0,293.0,2378,1649,1726.0,37.0
538,845,11.0,159.0,1050,1231,1235.0,4.0
641,845,0.0,0.0,2556,1229,0.0,0.0
1010,845,5.0,155.0,937,1119,1125.0,6.0
1966,845,37.0,0.0,270,1000,1219.0,0.0
3852,845,-5.0,124.0,762,1055,1044.0,-11.0
3157,845,-2.0,245.0,1449,1150,1148.0,-2.0
1158,845,0.0,191.0,1491,1400,1356.0,-4.0
2246,845,-3.0,109.0,594,1050,1031.0,-19.0
2243,845,-5.0,148.0,1099,1320,1308.0,-12.0
1587,845,-3.0,244.0,1546,1100,1046.0,-14.0
4476,845,1.0,268.0,1844,1135,1114.0,-21.0
1688,845,5.0,270.0,1855,1145,1120.0,-25.0
3774,845,0.0,196.0,1259,1120,1101.0,-19.0
3131,845,-5.0,105.0,507,1020,1025.0,5.0
717,845,-5.0,94.0,462,945,914.0,-31.0
454,845,-4.0,53.0,192,940,934.0,-6.0
134,845,-3.0,273.0,1558,1105,1115.0,10.0
1563,845,-1.0,201.0,1303,1019,1005.0,-14.0
1744,845,2.0,251.0,1416,1159,1158.0,-1.0
403,845,-2.0,126.0,651,952,949.0,-3.0
410,845,-3.0,76.0,338,906,858.0,-8.0
446,845,-1.0,186.0,1009,1036,1050.0,14.0
452,845,-8.0,84.0,304,900,901.0,1.0
465,845,8.0,192.0,1440,1307,1305.0,-2.0
519,845,-3.0,145.0,1009,1212,1207.0,-5.0
97,845,-3.0,210.0,1192,1120,1112.0,-8.0
317,845,-4.0,161.0,733,1030,1022.0,-8.0
249,845,33.0,116.0,592,940,1014.0,34.0
1567,845,-7.0,257.0,1592,1100,1055.0,-5.0
1640,845,-1.0,234.0,1746,1505,1438.0,-27.0
2215,845,-6.0,195.0,986,1050,1054.0,4.0
2269,845,5.0,350.0,2330,1140,1140.0,0.0
246,845,8.0,173.0,1050,1126,1146.0,20.0
792,845,11.0,248.0,1927,1600,1604.0,4.0
389,845,-3.0,92.0,399,1029,1014.0,-15.0
338,845,-8.0,156.0,1050,1122,1113.0,-9.0
798,845,-15.0,85.0,313,1005,955.0,-10.0
754,845,-5.0,153.0,1028,1119,1113.0,-6.0
420,845,1.0,711.0,4983,1543,1537.0,-6.0
583,845,-2.0,131.0,632,1109,1054.0,-15.0
992,845,143.0,59.0,311,1103,1307.0,124.0
1249,845,-5.0,82.0,488,1038,1002.0,-36.0
1398,845,-3.0,162.0,954,1137,1124.0,-13.0
1438,845,0.0,127.0,912,1205,1152.0,-13.0
2252,845,-3.0,88.0,259,1005,1010.0,5.0
2326,845,-5.0,110.0,581,1039,1030.0,-9.0
2428,845,8.0,197.0,1587,1327,1310.0,-17.0
2523,845,-6.0,95.0,632,1048,1014.0,-34.0
258,845,102.0,147.0,991,1228,1354.0,86.0
1720,845,22.0,90.0,507,1027,1037.0,10.0
1893,845,85.0,107.0,594,1101,1157.0,56.0
3940,845,-4.0,136.0,794,1058,1057.0,-1.0
4723,845,-4.0,92.0,359,913,913.0,0.0
5192,845,0.0,164.0,926,1042,1029.0,-13.0
6119,845,9.0,149.0,693,1109,1123.0,14.0
678,845,-4.0,214.0,1546,1407,1415.0,8.0
1337,845,-7.0,148.0,908,1205,1206.0,1.0
11,845,55.0,331.0,2398,1215,1311.0,56.0
21,845,16.0,357.0,2677,1300,1258.0,-2.0
3083,845,0.0,0.0,528,1000,0.0,0.0
3362,845,0.0,0.0,309,1005,0.0,0.0
3329,845,-2.0,88.0,483,1025,1011.0,-14.0
4657,845,-3.0,207.0,986,1101,1109.0,8.0
4659,845,-7.0,112.0,456,1126,1130.0,4.0
5349,845,-2.0,103.0,397,1019,1026.0,7.0
4449,845,-3.0,82.0,391,1021,1004.0,-17.0
5518,845,146.0,141.0,752,1014,1232.0,138.0
403,846,3.0,171.0,1023,1154,1140.0,-14.0
1108,846,-1.0,211.0,1201,1020,1016.0,-4.0
1511,846,3.0,199.0,1123,1008,1008.0,0.0
4557,846,-3.0,135.0,788,1157,1158.0,1.0
5436,846,-13.0,79.0,222,905,852.0,-13.0
130,847,0.0,0.0,204,954,0.0,0.0
4575,847,0.0,0.0,429,1021,0.0,0.0
5338,847,62.0,171.0,896,1035,1140.0,65.0
5248,847,-4.0,94.0,403,1025,1017.0,-8.0
1470,848,-4.0,94.0,554,1036,1018.0,-18.0
5269,848,-8.0,158.0,936,1205,1218.0,13.0
339,849,7.0,305.0,1754,1133,1201.0,28.0
382,849,-2.0,95.0,589,1136,1122.0,-14.0
745,849,-5.0,183.0,1416,1316,1247.0,-29.0
712,850,-9.0,116.0,814,1056,1037.0,-19.0
740,850,-5.0,284.0,2370,1651,1629.0,-22.0
1784,850,-3.0,285.0,2296,1643,1632.0,-11.0
2065,850,-4.0,68.0,226,1007,954.0,-13.0
479,850,0.0,97.0,337,1018,1027.0,9.0
898,850,-3.0,314.0,2586,1726,1701.0,-25.0
1579,850,-2.0,307.0,2139,1120,1055.0,-25.0
722,850,-3.0,103.0,682,1145,1130.0,-15.0
406,850,-3.0,72.0,439,1110,1059.0,-11.0
366,850,-1.0,276.0,1797,1135,1125.0,-10.0
384,850,5.0,129.0,584,1000,1004.0,4.0
3115,850,-1.0,108.0,562,935,937.0,2.0
3122,850,51.0,137.0,814,1120,1158.0,38.0
844,850,2.0,160.0,1199,1335,1332.0,-3.0
3660,850,-3.0,92.0,440,940,919.0,-21.0
771,850,-1.0,188.0,1136,1105,1057.0,-8.0
884,850,0.0,241.0,1444,1155,1151.0,-4.0
730,850,4.0,262.0,1728,1125,1116.0,-9.0
978,850,0.0,73.0,302,1005,1003.0,-2.0
277,850,-4.0,89.0,551,1125,1115.0,-10.0
355,850,-5.0,66.0,258,1000,951.0,-9.0
3413,850,-3.0,263.0,1506,1105,1110.0,5.0
490,850,-3.0,129.0,1047,1220,1156.0,-24.0
1828,850,5.0,193.0,1313,1020,1008.0,-12.0
1272,850,4.0,109.0,719,1154,1143.0,-11.0
1649,850,1.0,207.0,1346,1030,1018.0,-12.0
412,850,-3.0,404.0,2845,1230,1231.0,1.0
602,850,-5.0,71.0,255,902,856.0,-6.0
42,850,-1.0,224.0,1721,1445,1433.0,-12.0
164,850,193.0,341.0,2586,1730,2044.0,194.0
244,850,26.0,176.0,1205,1345,1412.0,27.0
1487,850,0.0,0.0,583,1055,0.0,0.0
1594,850,-2.0,65.0,247,1000,953.0,-7.0
768,850,-8.0,300.0,2588,1710,1642.0,-28.0
775,850,-5.0,70.0,425,1115,1055.0,-20.0
1577,850,17.0,140.0,946,1120,1127.0,7.0
1650,850,-3.0,119.0,528,1005,946.0,-19.0
1482,850,-12.0,89.0,474,1018,1007.0,-11.0
4284,850,52.0,72.0,413,1116,1154.0,38.0
5077,850,-6.0,85.0,300,1012,1009.0,-3.0
6077,850,-10.0,228.0,1162,1021,1028.0,7.0
1278,850,-11.0,137.0,861,1110,1056.0,-14.0
120,850,-7.0,44.0,163,933,927.0,-6.0
4660,850,-4.0,84.0,284,1011,1010.0,-1.0
4647,850,-14.0,85.0,463,1029,1001.0,-28.0
3496,850,0.0,116.0,748,1055,1046.0,-9.0
5459,850,-6.0,55.0,190,1005,939.0,-26.0
5407,851,7.0,82.0,537,1042,1020.0,-22.0
5608,851,17.0,146.0,789,1029,1034.0,5.0
4691,851,-2.0,55.0,120,948,944.0,-4.0
5374,852,3.0,69.0,363,1010,1004.0,-6.0
2314,852,14.0,196.0,1399,1410,1422.0,12.0
5121,852,-1.0,111.0,500,1054,1042.0,-12.0
1691,853,15.0,156.0,854,1028,1044.0,16.0
147,853,10.0,76.0,353,1009,1019.0,10.0
1566,854,-1.0,156.0,719,1037,1029.0,-8.0
1626,854,1.0,362.0,2425,1210,1157.0,-13.0
4523,854,-2.0,184.0,871,1045,1056.0,11.0
4410,854,-7.0,109.0,657,1046,1036.0,-10.0
6396,854,2.0,107.0,522,951,943.0,-8.0
145,855,80.0,651.0,4817,1431,1606.0,95.0
876,855,-7.0,90.0,361,1029,1018.0,-11.0
2087,855,-1.0,224.0,1184,1125,1138.0,13.0
364,855,-5.0,137.0,862,1025,1007.0,-18.0
1173,855,-2.0,170.0,1242,1345,1343.0,-2.0
179,855,-7.0,186.0,1363,1400,1354.0,-6.0
1190,855,-6.0,148.0,882,1025,1017.0,-8.0
3473,855,-4.0,117.0,725,1155,1148.0,-7.0
4368,855,-1.0,268.0,1733,1135,1122.0,-13.0
2146,855,8.0,144.0,997,1235,1227.0,-8.0
1447,855,-2.0,166.0,1183,1255,1239.0,-16.0
137,855,0.0,114.0,621,950,949.0,-1.0
954,855,-10.0,72.0,417,1015,957.0,-18.0
4729,855,-4.0,228.0,1506,1100,1039.0,-21.0
1711,855,-3.0,210.0,1390,1040,1022.0,-18.0
357,855,-6.0,155.0,704,1020,1024.0,4.0
1012,855,-6.0,134.0,861,1205,1203.0,-2.0
1310,855,47.0,145.0,1021,1225,1307.0,42.0
1176,855,16.0,198.0,1205,1015,1029.0,14.0
2334,855,-4.0,132.0,802,1110,1103.0,-7.0
2310,855,-3.0,120.0,641,1155,1152.0,-3.0
2444,855,0.0,174.0,926,1050,1049.0,-1.0
885,855,-3.0,343.0,2355,1225,1235.0,10.0
1196,855,12.0,170.0,1188,1146,1157.0,11.0
1024,855,-5.0,126.0,759,1059,1056.0,-3.0
833,855,-4.0,302.0,1956,1104,1053.0,-11.0
1367,855,-8.0,165.0,929,1045,1032.0,-13.0
1455,855,-4.0,140.0,731,1025,1011.0,-14.0
2018,855,0.0,95.0,404,1025,1030.0,5.0
7,855,0.0,102.0,594,1050,1037.0,-13.0
1660,855,5.0,116.0,746,1105,1056.0,-9.0
1815,855,28.0,145.0,907,1231,1248.0,17.0
2568,855,0.0,0.0,113,940,0.0,0.0
5102,855,1.0,79.0,448,1124,1115.0,-9.0
424,855,-6.0,162.0,1199,1339,1331.0,-8.0
2772,855,0.0,72.0,108,1010,1007.0,-3.0
2795,855,-4.0,73.0,247,1005,1004.0,-1.0
2816,855,-6.0,100.0,431,1025,1029.0,4.0
2939,855,0.0,0.0,859,1203,0.0,0.0
2902,855,-6.0,58.0,134,945,947.0,2.0
3163,855,-4.0,101.0,212,1015,1032.0,17.0
3286,855,0.0,0.0,190,1000,0.0,0.0
3482,855,0.0,0.0,364,1008,0.0,0.0
3638,855,0.0,0.0,685,1048,0.0,0.0
5261,855,-4.0,138.0,809,1210,1209.0,-1.0
6534,855,-2.0,221.0,1199,1025,1034.0,9.0
1227,856,-2.0,186.0,1068,1206,1200.0,-6.0
232,856,-7.0,102.0,588,1138,1131.0,-7.0
4918,856,-5.0,126.0,625,1007,957.0,-10.0
1706,857,-2.0,303.0,1979,1115,1058.0,-17.0
794,858,0.0,155.0,991,1059,1033.0,-26.0
2232,858,0.0,193.0,1310,1318,1311.0,-7.0
1751,858,-3.0,197.0,1299,1035,1012.0,-23.0
4698,858,-7.0,133.0,744,1206,1204.0,-2.0
1710,859,-2.0,168.0,1039,1151,1145.0,-6.0
429,859,16.0,201.0,1199,1026,1036.0,10.0
657,900,1.0,124.0,808,1206,1205.0,-1.0
677,900,-2.0,256.0,2176,1641,1614.0,-27.0
773,900,-3.0,75.0,449,1032,1012.0,-20.0
1983,900,-9.0,111.0,290,1035,1042.0,7.0
711,900,-6.0,145.0,733,1039,1019.0,-20.0
1903,900,23.0,83.0,414,1035,1046.0,11.0
902,900,-7.0,90.0,414,1030,1023.0,-7.0
203,900,-3.0,81.0,587,1140,1118.0,-22.0
408,900,1.0,231.0,1342,1155,1152.0,-3.0
428,900,-4.0,114.0,581,1055,1050.0,-5.0
4990,900,-1.0,54.0,239,1000,953.0,-7.0
832,900,-8.0,156.0,1090,1335,1328.0,-7.0
4483,900,7.0,124.0,763,1120,1111.0,-9.0
1191,900,26.0,235.0,1947,1610,1621.0,11.0
3579,900,-3.0,122.0,787,1110,1059.0,-11.0
1739,900,-4.0,93.0,405,1035,1029.0,-6.0
1344,900,-1.0,169.0,1121,1235,1248.0,13.0
3744,900,-3.0,253.0,1436,1105,1110.0,5.0
668,900,-3.0,93.0,543,1040,1030.0,-10.0
3356,900,2.0,130.0,933,1125,1112.0,-13.0
1059,900,-3.0,378.0,2434,1224,1215.0,-9.0
1296,900,17.0,345.0,2504,1246,1302.0,16.0
1475,900,-1.0,229.0,1744,1510,1448.0,-22.0
1485,900,17.0,196.0,1222,1024,1033.0,9.0
1572,900,2.0,192.0,1400,1326,1314.0,-12.0
1683,900,2.0,154.0,862,1032,1036.0,4.0
1684,900,18.0,61.0,315,1121,1119.0,-2.0
1755,900,-9.0,288.0,1874,1156,1139.0,-17.0
1,900,-5.0,402.0,2475,1230,1237.0,7.0
2,900,-4.0,295.0,2475,1735,1651.0,-44.0
25,900,-3.0,405.0,2611,1235,1242.0,7.0
92,900,0.0,210.0,1723,1500,1430.0,-30.0
323,900,0.0,0.0,550,1055,0.0,0.0
336,900,-2.0,143.0,569,1145,1221.0,36.0
338,900,-3.0,76.0,337,1030,1013.0,-17.0
253,900,-4.0,353.0,2486,1255,1249.0,-6.0
1046,900,11.0,82.0,460,1025,1033.0,8.0
1223,900,0.0,243.0,1372,1210,1203.0,-7.0
1113,900,-3.0,197.0,1067,1120,1114.0,-6.0
1183,900,7.0,102.0,631,1040,1049.0,9.0
1200,900,-1.0,240.0,1744,1510,1459.0,-11.0
1241,900,-3.0,171.0,985,1100,1048.0,-12.0
1350,900,-15.0,167.0,1107,1059,1032.0,-27.0
1471,900,0.0,110.0,641,1005,950.0,-15.0
1629,900,16.0,83.0,247,1005,1039.0,34.0
2242,900,-2.0,79.0,469,1040,1017.0,-23.0
2293,900,-3.0,251.0,1464,1045,1108.0,23.0
2371,900,2.0,247.0,1391,1210,1209.0,-1.0
2337,900,0.0,0.0,1171,1010,0.0,0.0
370,900,0.0,110.0,605,1043,1050.0,7.0
383,900,0.0,104.0,550,1041,1044.0,3.0
407,900,15.0,103.0,569,1045,1058.0,13.0
502,900,-7.0,162.0,978,1135,1135.0,0.0
563,900,3.0,142.0,834,1125,1125.0,0.0
827,900,3.0,335.0,2409,1242,1238.0,-4.0
1035,900,-1.0,38.0,68,937,937.0,0.0
340,900,-4.0,173.0,1096,1152,1149.0,-3.0
448,900,25.0,364.0,2422,1226,1229.0,3.0
589,900,12.0,210.0,1399,1053,1042.0,-11.0
696,900,0.0,107.0,502,1113,1047.0,-26.0
749,900,157.0,112.0,594,1055,1329.0,154.0
761,900,-5.0,64.0,332,1117,1059.0,-18.0
792,900,-5.0,94.0,393,1026,1029.0,3.0
805,900,-6.0,118.0,666,1124,1052.0,-32.0
871,900,-5.0,69.0,341,1118,1104.0,-14.0
1094,900,-6.0,109.0,547,1110,1043.0,-27.0
1106,900,6.0,230.0,1589,1443,1456.0,13.0
1989,900,-4.0,168.0,1076,1154,1144.0,-10.0
2022,900,45.0,123.0,509,1117,1148.0,31.0
2164,900,-5.0,184.0,1426,1416,1359.0,-17.0
2229,900,-4.0,134.0,936,1232,1210.0,-22.0
2320,900,52.0,166.0,944,1213,1238.0,25.0
2371,900,8.0,226.0,1517,1101,1054.0,-7.0
2388,900,-4.0,200.0,1522,1438,1416.0,-22.0
2558,900,-4.0,145.0,746,1145,1121.0,-24.0
2280,900,0.0,65.0,200,1018,1005.0,-13.0
2116,900,-8.0,99.0,634,1039,1031.0,-8.0
1631,900,0.0,266.0,2139,1631,1626.0,-5.0
1687,900,0.0,224.0,1532,1442,1444.0,2.0
1762,900,-6.0,89.0,563,1145,1123.0,-22.0
1825,900,-5.0,104.0,577,1107,1039.0,-28.0
2520,900,0.0,0.0,354,1015,0.0,0.0
4107,900,0.0,83.0,489,1028,1023.0,-5.0
4232,900,-5.0,115.0,315,933,950.0,17.0
4197,900,-2.0,110.0,643,1101,1048.0,-13.0
4936,900,1.0,159.0,908,1228,1240.0,12.0
5681,900,-10.0,96.0,429,1042,1026.0,-16.0
5419,900,-5.0,49.0,134,1100,1044.0,-16.0
5582,900,-3.0,93.0,363,1033,1030.0,-3.0
5543,900,9.0,126.0,537,1117,1115.0,-2.0
6150,900,-1.0,148.0,979,1051,1027.0,-24.0
658,900,-10.0,158.0,967,1224,1228.0,4.0
7,900,-11.0,409.0,2762,1315,1338.0,23.0
2827,900,0.0,0.0,213,930,0.0,0.0
2843,900,-4.0,106.0,273,1025,1042.0,17.0
2778,900,-6.0,102.0,409,1040,1036.0,-4.0
2944,900,0.0,0.0,227,958,0.0,0.0
2888,900,0.0,0.0,622,1038,0.0,0.0
3214,900,44.0,100.0,235,935,1024.0,49.0
3370,900,27.0,63.0,213,1018,1030.0,12.0
3336,900,-6.0,131.0,549,1050,1105.0,15.0
4848,900,-5.0,78.0,232,1028,1013.0,-15.0
4470,900,-5.0,84.0,387,1028,1019.0,-9.0
4712,900,176.0,89.0,334,1034,1325.0,171.0
4771,900,-6.0,75.0,144,1016,1009.0,-7.0
5486,900,-7.0,166.0,913,1052,1039.0,-13.0
5490,900,0.0,96.0,421,1026,1036.0,10.0
361,901,-3.0,344.0,2447,1243,1242.0,-1.0
5259,901,10.0,68.0,241,1024,1019.0,-5.0
5194,901,6.0,132.0,807,1222,1219.0,-3.0
207,902,10.0,221.0,1379,1050,1053.0,3.0
154,902,-3.0,85.0,548,1028,1024.0,-4.0
4463,902,1.0,80.0,528,1036,1023.0,-13.0
4524,902,-6.0,117.0,781,1114,1053.0,-21.0
4555,902,-3.0,0.0,295,1017,1319.0,0.0
4586,902,-1.0,89.0,316,1021,1030.0,9.0
4958,902,9.0,68.0,399,1033,1019.0,-14.0
618,903,-2.0,221.0,1721,1501,1442.0,-19.0
635,903,4.0,338.0,2486,1251,1245.0,-6.0
5023,903,-3.0,67.0,371,1036,1007.0,-29.0
6323,903,112.0,53.0,109,952,1148.0,116.0
256,904,19.0,170.0,1009,1107,1113.0,6.0
748,904,-3.0,114.0,594,1104,1055.0,-9.0
4650,904,-5.0,168.0,936,1052,1047.0,-5.0
691,905,-7.0,99.0,599,1201,1137.0,-24.0
1829,905,-6.0,290.0,2282,1646,1649.0,3.0
663,905,30.0,319.0,2398,1229,1254.0,25.0
953,905,-5.0,85.0,447,1035,1025.0,-10.0
704,905,-6.0,61.0,274,1025,1000.0,-25.0
150,905,-5.0,91.0,409,940,931.0,-9.0
139,905,-1.0,83.0,382,940,927.0,-13.0
712,905,-3.0,80.0,500,1045,1022.0,-23.0
413,905,-3.0,135.0,829,1125,1117.0,-8.0
1707,905,-5.0,233.0,1447,1105,1053.0,-12.0
987,905,-8.0,63.0,236,1010,1000.0,-10.0
1754,905,-5.0,77.0,404,1040,1017.0,-23.0
1900,905,0.0,166.0,1166,1300,1251.0,-9.0
920,905,-5.0,73.0,337,1025,1013.0,-12.0
205,905,-4.0,82.0,386,1025,1023.0,-2.0
2189,905,-5.0,111.0,605,1055,1051.0,-4.0
568,905,-4.0,126.0,846,1225,1207.0,-18.0
3684,905,-3.0,106.0,612,955,948.0,-7.0
1135,905,38.0,169.0,867,1055,1132.0,37.0
1491,905,-5.0,147.0,794,1025,1027.0,2.0
248,905,-4.0,236.0,1660,1455,1457.0,2.0
1356,905,-4.0,58.0,190,1015,959.0,-16.0
1623,905,133.0,164.0,1055,1345,1602.0,137.0
111,905,-6.0,226.0,1448,1155,1145.0,-10.0
330,905,4.0,127.0,697,1109,1116.0,7.0
861,905,37.0,367.0,2640,1320,1349.0,29.0
28,905,78.0,148.0,937,1135,1251.0,76.0
1286,905,-2.0,75.0,496,1037,1018.0,-19.0
1295,905,1.0,88.0,526,1041,1034.0,-7.0
1453,905,14.0,249.0,1616,1115,1128.0,13.0
2011,905,-2.0,77.0,373,1030,1020.0,-10.0
2421,905,-5.0,140.0,872,1046,1020.0,-26.0
201,905,3.0,96.0,534,1048,1044.0,-4.0
1608,905,-2.0,110.0,680,1210,1153.0,-17.0
1656,905,-1.0,84.0,282,1032,1028.0,-4.0
1796,905,-5.0,162.0,1020,1247,1242.0,-5.0
1885,905,-2.0,168.0,950,1218,1151.0,-27.0
2515,905,0.0,0.0,229,1005,0.0,0.0
4606,905,-9.0,108.0,667,1202,1144.0,-18.0
5143,905,-3.0,71.0,357,1024,1013.0,-11.0
145,905,-6.0,39.0,100,940,938.0,-2.0
3096,905,17.0,122.0,737,1210,1224.0,14.0
3296,905,0.0,0.0,396,1028,0.0,0.0
4342,905,32.0,156.0,771,1039,1113.0,34.0
761,905,1.0,83.0,334,1030,1029.0,-1.0
4520,905,0.0,132.0,596,1203,1217.0,14.0
5415,905,-4.0,70.0,266,1023,1011.0,-12.0
972,906,-3.0,229.0,1535,1115,1052.0,-23.0
1074,906,-3.0,122.0,549,1112,1105.0,-7.0
4277,906,-1.0,63.0,201,1003,1008.0,5.0
4496,906,-4.0,96.0,351,1027,1038.0,11.0
5541,906,27.0,42.0,143,955,1015.0,20.0
5919,906,-1.0,144.0,599,1021,1029.0,8.0
176,906,34.0,183.0,1299,1412,1443.0,31.0
5166,906,2.0,132.0,637,1020,1020.0,0.0
1538,907,-1.0,128.0,854,1225,1214.0,-11.0
4392,907,-5.0,138.0,809,1037,1020.0,-17.0
4505,907,-4.0,144.0,744,1025,1027.0,2.0
4236,907,-3.0,130.0,667,1010,1014.0,4.0
5447,907,-10.0,38.0,67,955,935.0,-20.0
5234,908,-5.0,48.0,147,901,851.0,-10.0
908,908,4.0,75.0,373,1025,1027.0,2.0
300,908,-10.0,142.0,563,1100,1120.0,20.0
151,909,-5.0,190.0,1121,1234,1214.0,-20.0
4305,909,3.0,147.0,792,1033,1039.0,6.0
6475,909,-8.0,105.0,391,1045,1046.0,1.0
6450,910,-6.0,89.0,391,1039,1033.0,-6.0
15,910,1.0,647.0,4962,1518,1458.0,-20.0
217,910,-5.0,353.0,2419,1209,1158.0,-11.0
424,910,-3.0,116.0,811,1125,1103.0,-22.0
5626,910,-3.0,52.0,177,1115,1059.0,-16.0
935,910,-4.0,71.0,337,1030,1017.0,-13.0
997,910,1.0,92.0,515,1055,1043.0,-12.0
377,910,-2.0,199.0,1246,1035,1027.0,-8.0
2509,910,-3.0,148.0,967,1055,1035.0,-20.0
4468,910,0.0,189.0,1587,1435,1419.0,-16.0
664,910,-4.0,92.0,368,1130,1138.0,8.0
390,910,-8.0,68.0,228,1115,1110.0,-5.0
3566,910,-7.0,98.0,655,1155,1141.0,-14.0
327,910,0.0,204.0,1204,1245,1234.0,-11.0
705,910,-4.0,73.0,289,1045,1019.0,-26.0
606,910,-3.0,226.0,1290,1100,1053.0,-7.0
1041,910,-6.0,65.0,255,1015,1009.0,-6.0
2462,910,-7.0,202.0,1476,1425,1425.0,0.0
718,910,-6.0,128.0,849,1215,1212.0,-3.0
1169,910,1.0,249.0,1642,1130,1120.0,-10.0
1483,910,57.0,114.0,758,1117,1201.0,44.0
54,910,-4.0,193.0,1514,1445,1419.0,-26.0
2259,910,2.0,166.0,1197,1312,1258.0,-14.0
2222,910,0.0,0.0,1303,1305,0.0,0.0
60,910,-2.0,110.0,680,1200,1158.0,-2.0
442,910,105.0,161.0,954,1146,1336.0,110.0
617,910,-9.0,147.0,867,1145,1128.0,-17.0
653,910,4.0,169.0,1028,1212,1203.0,-9.0
488,910,-10.0,226.0,1598,1407,1346.0,-21.0
1329,910,-2.0,186.0,1306,1327,1314.0,-13.0
1367,910,-4.0,129.0,749,1115,1115.0,0.0
1968,910,-6.0,215.0,1535,1452,1439.0,-13.0
2301,910,-9.0,79.0,301,1032,1020.0,-12.0
16,910,-3.0,296.0,2475,1736,1703.0,-33.0
1589,910,-3.0,100.0,581,1105,1047.0,-18.0
189,910,-2.0,376.0,2446,1224,1224.0,0.0
2563,910,0.0,0.0,354,1030,0.0,0.0
2514,910,0.0,0.0,175,1010,0.0,0.0
4306,910,0.0,49.0,216,1017,959.0,-18.0
4591,910,-9.0,79.0,301,1027,1020.0,-7.0
5382,910,-4.0,140.0,783,1227,1226.0,-1.0
6095,910,1.0,181.0,771,1035,1112.0,37.0
2824,910,0.0,0.0,285,1013,0.0,0.0
2831,910,0.0,0.0,237,1020,0.0,0.0
3031,910,-4.0,92.0,364,1045,1038.0,-7.0
3320,910,0.0,0.0,140,1000,0.0,0.0
4510,910,-2.0,156.0,546,1117,1144.0,27.0
4749,910,-4.0,142.0,622,1213,1228.0,15.0
5186,910,-7.0,96.0,447,1054,1039.0,-15.0
5427,910,-4.0,54.0,86,957,1000.0,3.0
6512,910,33.0,138.0,833,1225,1301.0,36.0
1185,911,9.0,183.0,925,1204,1223.0,19.0
4293,911,-5.0,105.0,427,1045,1051.0,6.0
264,912,-10.0,110.0,651,1211,1152.0,-19.0
280,912,-11.0,65.0,231,1018,1006.0,-12.0
2639,912,-5.0,69.0,237,1120,1116.0,-4.0
2602,912,-5.0,80.0,301,1039,1027.0,-12.0
1634,912,-4.0,64.0,266,1028,1012.0,-16.0
3264,912,-6.0,83.0,253,1028,1029.0,1.0
4109,912,-11.0,96.0,376,1039,1037.0,-2.0
5664,912,-4.0,67.0,316,1023,1015.0,-8.0
1856,913,-1.0,79.0,442,1042,1031.0,-11.0
204,914,39.0,63.0,191,1019,1056.0,37.0
1941,914,-4.0,57.0,290,1016,1007.0,-9.0
1702,914,2.0,148.0,641,1022,1044.0,22.0
229,914,7.0,189.0,1074,1229,1230.0,1.0
365,914,-4.0,74.0,387,1034,1024.0,-10.0
483,914,29.0,176.0,944,1214,1239.0,25.0
4583,915,8.0,65.0,228,1024,1028.0,4.0
751,915,-4.0,209.0,1558,1440,1440.0,0.0
776,915,-10.0,127.0,651,1208,1212.0,4.0
1806,915,-6.0,264.0,2125,1646,1633.0,-13.0
2047,915,-4.0,125.0,651,1014,1016.0,2.0
500,915,-2.0,165.0,1069,1155,1158.0,3.0
713,915,3.0,70.0,325,1025,1028.0,3.0
596,915,17.0,135.0,895,1235,1247.0,12.0
1902,915,-2.0,107.0,602,1110,1100.0,-10.0
207,915,0.0,53.0,197,1015,1008.0,-7.0
676,915,-3.0,142.0,806,1140,1134.0,-6.0
653,915,-4.0,78.0,414,1050,1029.0,-21.0
1141,915,6.0,158.0,895,1100,1059.0,-1.0
882,915,-6.0,74.0,323,1020,1023.0,3.0
4198,915,-8.0,189.0,1183,1115,1116.0,1.0
496,915,3.0,138.0,867,1135,1136.0,1.0
665,915,-7.0,100.0,738,1215,1148.0,-27.0
2314,915,1.0,202.0,1357,1055,1038.0,-17.0
727,915,-2.0,97.0,602,1100,1050.0,-10.0
1273,915,-3.0,145.0,787,1035,1037.0,2.0
1725,915,3.0,323.0,2338,1235,1241.0,6.0
501,915,-6.0,300.0,1972,1224,1209.0,-15.0
144,915,-3.0,153.0,1102,1250,1245.0,-5.0
265,915,-1.0,373.0,2615,1325,1327.0,2.0
334,915,0.0,0.0,469,1050,0.0,0.0
1196,915,-2.0,274.0,1810,1158,1147.0,-11.0
1266,915,-1.0,128.0,700,1120,1122.0,2.0
1524,915,0.0,0.0,1055,1010,0.0,0.0
2316,915,41.0,166.0,1139,1122,1142.0,20.0
5,915,-1.0,343.0,2311,1210,1157.0,-13.0
730,915,-1.0,128.0,488,1128,1122.0,-6.0
1091,915,-3.0,58.0,270,1030,1010.0,-20.0
1193,915,9.0,164.0,1199,1413,1408.0,-5.0
2115,915,-3.0,192.0,981,1113,1124.0,11.0
2163,915,1.0,225.0,1426,1113,1101.0,-12.0
2298,915,-5.0,88.0,444,1048,1038.0,-10.0
2305,915,1.0,246.0,1589,1135,1122.0,-13.0
80,915,-2.0,236.0,1947,1630,1609.0,-21.0
1870,915,-1.0,137.0,782,1040,1031.0,-9.0
5040,915,-11.0,103.0,377,1049,1047.0,-2.0
5338,915,-4.0,60.0,240,923,911.0,-12.0
5589,915,-4.0,64.0,302,1124,1115.0,-9.0
303,915,-7.0,42.0,102,953,950.0,-3.0
2830,915,0.0,0.0,672,1103,0.0,0.0
2841,915,0.0,0.0,624,1120,0.0,0.0
3116,915,59.0,62.0,196,1020,1116.0,56.0
3190,915,0.0,0.0,309,1023,0.0,0.0
446,915,19.0,197.0,1514,1449,1451.0,2.0
893,915,-5.0,152.0,802,1143,1142.0,-1.0
4674,915,-5.0,139.0,615,1122,1129.0,7.0
2583,915,-14.0,46.0,109,1000,947.0,-13.0
2575,915,6.0,113.0,677,1210,1214.0,4.0
5164,915,4.0,207.0,1334,1045,1046.0,1.0
5182,915,16.0,130.0,737,1223,1241.0,18.0
4345,916,0.0,74.0,201,1018,1030.0,12.0
424,917,-4.0,217.0,1535,1454,1450.0,-4.0
5643,917,-1.0,207.0,1015,1025,1043.0,18.0
710,918,81.0,162.0,967,1250,1421.0,91.0
816,918,13.0,106.0,643,1109,1117.0,8.0
303,919,-2.0,301.0,1605,1155,1218.0,23.0
3273,919,-9.0,212.0,1024,1027,1042.0,15.0
304,919,1.0,29.0,102,951,949.0,-2.0
253,920,42.0,521.0,3904,1353,1443.0,50.0
297,920,-7.0,351.0,2615,1324,1304.0,-20.0
1772,920,1.0,171.0,936,1112,1112.0,0.0
1830,920,17.0,95.0,541,1102,1112.0,10.0
2098,920,-6.0,79.0,257,1046,1033.0,-13.0
507,920,-2.0,225.0,1530,1125,1103.0,-22.0
22,920,56.0,329.0,2586,1759,1845.0,46.0
84,920,-3.0,293.0,2419,1720,1710.0,-10.0
3742,920,-2.0,155.0,842,1155,1153.0,-2.0
317,920,-2.0,47.0,181,1010,1005.0,-5.0
2132,920,-2.0,155.0,925,1155,1153.0,-2.0
2161,920,-1.0,93.0,483,955,952.0,-3.0
589,920,-3.0,113.0,758,1315,1310.0,-5.0
1162,920,1.0,146.0,1139,1405,1347.0,-18.0
123,920,-2.0,222.0,1750,1515,1500.0,-15.0
929,920,0.0,0.0,341,1030,0.0,0.0
680,920,-3.0,160.0,838,1115,1057.0,-18.0
275,920,-3.0,122.0,869,1230,1219.0,-11.0
573,920,-2.0,169.0,935,1105,1107.0,2.0
1274,920,5.0,292.0,2052,1141,1117.0,-24.0
1519,920,3.0,242.0,1634,1430,1425.0,-5.0
1717,920,3.0,268.0,1874,1216,1151.0,-25.0
309,920,-5.0,137.0,631,1130,1132.0,2.0
295,920,-1.0,376.0,2342,1218,1235.0,17.0
224,920,-2.0,69.0,236,1035,1027.0,-8.0
1018,920,-4.0,306.0,1972,1232,1222.0,-10.0
1415,920,8.0,159.0,1067,1250,1307.0,17.0
12,920,2.0,314.0,2496,1739,1736.0,-3.0
311,920,2.0,122.0,679,1125,1124.0,-1.0
365,920,-5.0,106.0,671,1120,1101.0,-19.0
586,920,0.0,78.0,264,1044,1038.0,-6.0
1350,920,-4.0,109.0,515,1104,1105.0,1.0
1437,920,2.0,185.0,1121,1135,1127.0,-8.0
2438,920,4.0,95.0,547,1100,1059.0,-1.0
1530,920,15.0,190.0,1299,1429,1445.0,16.0
1552,920,-4.0,222.0,1416,1353,1358.0,5.0
1745,920,9.0,224.0,1517,1448,1513.0,25.0
2532,920,8.0,81.0,270,1025,1049.0,24.0
4932,920,-6.0,74.0,292,1041,1028.0,-13.0
5049,920,-5.0,97.0,604,1223,1152.0,-31.0
741,920,68.0,107.0,602,1112,1215.0,63.0
19,920,50.0,350.0,2462,1255,1400.0,65.0
2776,920,0.0,0.0,247,1028,0.0,0.0
2799,920,0.0,0.0,89,953,0.0,0.0
3041,920,0.0,0.0,624,1108,0.0,0.0
2947,920,0.0,0.0,304,1040,0.0,0.0
2983,920,0.0,0.0,312,1028,0.0,0.0
3278,920,0.0,0.0,383,1050,0.0,0.0
3397,920,-3.0,43.0,125,1011,1000.0,-11.0
3527,920,-7.0,108.0,530,1009,1001.0,-8.0
3555,920,25.0,74.0,296,950,959.0,9.0
4650,920,-14.0,89.0,144,1027,1035.0,8.0
3457,920,-5.0,144.0,817,1141,1139.0,-2.0
4711,920,-3.0,82.0,196,1034,1039.0,5.0
1141,921,27.0,171.0,1133,1232,1239.0,7.0
6338,922,-2.0,64.0,110,1018,1024.0,6.0
195,923,0.0,146.0,1005,1307,1249.0,-18.0
1110,923,-1.0,154.0,802,1139,1156.0,17.0
6279,923,190.0,101.0,639,1120,1414.0,174.0
3463,923,-11.0,135.0,838,1145,1127.0,-18.0
1866,924,-6.0,105.0,590,1114,1103.0,-11.0
1842,925,0.0,86.0,511,1202,1151.0,-11.0
1869,925,7.0,96.0,575,1212,1208.0,-4.0
1905,925,11.0,108.0,468,1103,1124.0,21.0
1924,925,-7.0,88.0,130,1032,1046.0,14.0
1931,925,-9.0,120.0,511,1014,1016.0,2.0
1988,925,-8.0,86.0,331,1100,1043.0,-17.0
231,925,0.0,269.0,1744,1155,1154.0,-1.0
1973,925,69.0,91.0,425,1005,1105.0,60.0
4292,925,0.0,151.0,925,1205,1156.0,-9.0
532,925,-2.0,369.0,2295,1220,1232.0,12.0
976,925,-4.0,177.0,969,1125,1118.0,-7.0
614,925,-2.0,159.0,992,1205,1202.0,-3.0
1425,925,-1.0,100.0,696,1215,1204.0,-11.0
999,925,2.0,238.0,1747,1610,1625.0,15.0
1849,925,-6.0,177.0,990,1115,1116.0,1.0
1354,925,-5.0,78.0,488,1150,1138.0,-12.0
2018,925,-1.0,81.0,345,1040,1045.0,5.0
4875,925,-4.0,74.0,342,1040,1035.0,-5.0
869,925,4.0,84.0,480,1050,1053.0,3.0
1223,925,3.0,234.0,1608,1136,1122.0,-14.0
262,925,0.0,0.0,1017,1250,0.0,0.0
1027,925,-5.0,331.0,1562,1300,1351.0,51.0
1131,925,6.0,228.0,1389,1240,1219.0,-21.0
1383,925,-2.0,72.0,224,1040,1035.0,-5.0
1484,925,0.0,0.0,190,1025,0.0,0.0
1656,925,-3.0,205.0,1464,1455,1447.0,-8.0
1521,925,18.0,324.0,2174,1157,1207.0,10.0
2419,925,17.0,218.0,1235,1045,1120.0,35.0
49,925,-6.0,165.0,901,1209,1204.0,-5.0
921,925,14.0,194.0,1197,1250,1253.0,3.0
1480,925,-3.0,142.0,899,1144,1144.0,0.0
539,925,-9.0,107.0,503,1023,1003.0,-20.0
808,925,-8.0,159.0,1124,1314,1256.0,-18.0
397,925,-4.0,148.0,1045,1300,1249.0,-11.0
2340,925,-2.0,159.0,1039,1217,1202.0,-15.0
5377,925,-5.0,90.0,419,1122,1050.0,-32.0
5969,925,-10.0,105.0,475,1016,1000.0,-16.0
3636,925,0.0,0.0,293,1028,0.0,0.0
2607,925,5.0,90.0,373,1055,1100.0,5.0
4856,925,14.0,79.0,308,1045,1058.0,13.0
1584,926,-4.0,180.0,1065,1229,1222.0,-7.0
762,926,0.0,117.0,606,1025,1023.0,-2.0
345,926,5.0,228.0,1276,1147,1219.0,32.0
5485,926,-8.0,96.0,73,1020,1054.0,34.0
5251,926,-3.0,64.0,191,1024,1027.0,3.0
672,927,15.0,138.0,925,1212,1200.0,-12.0
1041,927,8.0,185.0,1195,1153,1140.0,-13.0
1499,927,-2.0,191.0,1379,1445,1436.0,-9.0
4940,927,-5.0,131.0,500,1127,1133.0,6.0
5234,927,-9.0,52.0,147,1123,1110.0,-13.0
341,927,2.0,53.0,216,1018,1022.0,4.0
367,927,0.0,48.0,163,1010,1015.0,5.0
132,927,40.0,42.0,121,1004,1049.0,45.0
5320,927,-10.0,67.0,109,1015,1024.0,9.0
5168,927,-6.0,72.0,212,1034,1033.0,-1.0
470,928,-13.0,66.0,258,1040,1021.0,-19.0
4992,928,137.0,47.0,108,1020,1232.0,132.0
1978,929,-4.0,172.0,912,1113,1117.0,4.0
632,929,0.0,153.0,1012,1312,1302.0,-10.0
498,929,20.0,329.0,1990,1300,1318.0,18.0
1808,929,-3.0,107.0,501,1119,1113.0,-6.0
1719,930,0.0,239.0,1727,1512,1529.0,17.0
1943,930,-2.0,343.0,2279,1220,1211.0,-9.0
702,930,-3.0,162.0,1005,1119,1109.0,-10.0
352,930,-5.0,326.0,2704,1805,1751.0,-14.0
1766,930,0.0,152.0,872,1105,1102.0,-3.0
1129,930,-6.0,82.0,459,1155,1146.0,-9.0
1010,930,0.0,118.0,623,1130,1128.0,-2.0
235,930,-7.0,84.0,369,1115,1047.0,-28.0
398,930,-2.0,157.0,879,1110,1105.0,-5.0
3126,930,1.0,137.0,945,1205,1148.0,-17.0
792,930,0.0,45.0,197,1025,1015.0,-10.0
931,930,-2.0,164.0,937,1220,1212.0,-8.0
1081,930,-4.0,0.0,691,1135,1343.0,0.0
1714,930,0.0,139.0,721,1055,1049.0,-6.0
989,930,1.0,125.0,853,1255,1236.0,-19.0
346,930,-3.0,147.0,933,1205,1154.0,-11.0
330,930,-4.0,167.0,1069,1030,1013.0,-17.0
684,930,27.0,73.0,419,1050,1110.0,20.0
1222,930,39.0,365.0,2556,1331,1414.0,43.0
1537,930,-1.0,276.0,2218,1718,1705.0,-13.0
461,930,1.0,334.0,2296,1215,1205.0,-10.0
476,930,-6.0,109.0,601,1213,1213.0,0.0
169,930,188.0,66.0,236,1040,1344.0,184.0
148,930,-5.0,119.0,650,1141,1124.0,-17.0
384,930,4.0,100.0,733,1230,1214.0,-16.0
1299,930,-2.0,142.0,919,1159,1150.0,-9.0
1509,930,-5.0,148.0,946,1208,1153.0,-15.0
2249,930,57.0,85.0,224,1035,1152.0,77.0
2216,930,0.0,229.0,1431,1115,1119.0,4.0
2224,930,31.0,214.0,1514,1130,1135.0,5.0
2442,930,7.0,172.0,1235,1430,1429.0,-1.0
644,930,-2.0,151.0,1009,1258,1259.0,1.0
746,930,5.0,281.0,2182,1707,1716.0,9.0
271,930,-1.0,161.0,1076,1241,1210.0,-31.0
422,930,1.0,381.0,2475,1305,1252.0,-13.0
928,930,10.0,192.0,1620,1511,1452.0,-19.0
1226,930,-7.0,215.0,1416,1210,1158.0,-12.0
1456,930,22.0,138.0,985,1255,1310.0,15.0
2271,930,-4.0,100.0,545,1120,1106.0,-14.0
2367,930,-3.0,144.0,932,1215,1151.0,-24.0
2591,930,152.0,65.0,297,1045,1307.0,142.0
2605,930,8.0,235.0,1532,1131,1133.0,2.0
316,930,2.0,214.0,1487,1409,1406.0,-3.0
333,930,-1.0,201.0,1501,1417,1350.0,-27.0
1520,930,-5.0,87.0,373,1113,1052.0,-21.0
1635,930,2.0,157.0,1123,1420,1409.0,-11.0
1744,930,-7.0,97.0,405,1112,1100.0,-12.0
1818,930,-4.0,77.0,404,1102,1043.0,-19.0
1933,930,-1.0,299.0,1900,1135,1128.0,-7.0
199,930,-6.0,152.0,950,1231,1156.0,-35.0
4187,930,-4.0,153.0,748,1104,1059.0,-5.0
1309,930,9.0,67.0,388,1055,1046.0,-9.0
1109,930,-8.0,138.0,895,1155,1140.0,-15.0
2860,930,0.0,0.0,158,1025,0.0,0.0
3212,930,-7.0,75.0,475,1158,1138.0,-20.0
3184,930,0.0,0.0,134,1018,0.0,0.0
3270,930,0.0,0.0,695,1218,0.0,0.0
3574,930,15.0,176.0,990,1215,1241.0,26.0
7414,930,-8.0,80.0,190,1037,1042.0,5.0
2634,930,1.0,79.0,67,1040,1050.0,10.0
3466,930,42.0,152.0,1119,1315,1344.0,29.0
4471,930,-10.0,107.0,566,1129,1107.0,-22.0
7379,930,8.0,70.0,221,1030,1048.0,18.0
65,931,0.0,50.0,82,1017,1021.0,4.0
3480,931,-5.0,138.0,802,1152,1144.0,-8.0
3542,931,0.0,100.0,489,1113,1111.0,-2.0
1705,932,15.0,265.0,2288,1720,1712.0,-8.0
1683,932,-1.0,81.0,368,1000,952.0,-8.0
4891,932,13.0,119.0,707,1040,1044.0,4.0
318,932,-5.0,47.0,163,1015,1014.0,-1.0
1767,933,-3.0,105.0,645,1130,1115.0,-15.0
936,933,89.0,133.0,982,1150,1315.0,85.0
3150,934,-3.0,158.0,948,1217,1209.0,-8.0
6399,934,-4.0,149.0,589,1035,1059.0,24.0
5655,935,-2.0,98.0,334,1110,1111.0,1.0
2013,935,-6.0,44.0,130,1029,1013.0,-16.0
791,935,-6.0,105.0,413,1119,1114.0,-5.0
2351,935,1.0,115.0,591,1035,1031.0,-4.0
4278,935,0.0,203.0,1154,1105,1058.0,-7.0
725,935,-5.0,89.0,623,1115,1059.0,-16.0
2780,935,-5.0,203.0,1167,1215,1153.0,-22.0
20,935,-2.0,52.0,277,1030,1025.0,-5.0
320,935,-3.0,191.0,1590,1605,1543.0,-22.0
2158,935,26.0,229.0,1910,1640,1650.0,10.0
521,935,4.0,249.0,2026,1650,1648.0,-2.0
701,935,45.0,59.0,258,1040,1119.0,39.0
32,935,-10.0,72.0,395,1055,1037.0,-18.0
537,935,-3.0,205.0,1199,1105,1057.0,-8.0
267,935,1.0,143.0,843,1105,1059.0,-6.0
126,935,-4.0,161.0,833,1105,1112.0,7.0
1239,935,24.0,80.0,337,1105,1119.0,14.0
413,935,-5.0,73.0,226,1050,1043.0,-7.0
445,935,-6.0,235.0,1337,1121,1124.0,3.0
529,935,-1.0,143.0,728,1204,1157.0,-7.0
36,935,-7.0,172.0,1171,1425,1420.0,-5.0
1179,935,-6.0,171.0,964,1132,1120.0,-12.0
1185,935,0.0,184.0,1258,1248,1239.0,-9.0
1463,935,3.0,163.0,1182,1335,1321.0,-14.0
139,935,-4.0,434.0,2846,1339,1345.0,6.0
835,935,9.0,335.0,2384,1310,1319.0,9.0
665,935,2.0,207.0,1249,1315,1304.0,-11.0
1316,935,-2.0,194.0,1199,1107,1047.0,-20.0
1472,935,1.0,98.0,406,1103,1114.0,11.0
2379,935,3.0,78.0,200,1055,1056.0,1.0
2115,935,-8.0,113.0,634,1145,1120.0,-25.0
47,935,-12.0,329.0,2409,1310,1252.0,-18.0
51,935,-2.0,660.0,4983,1550,1533.0,-17.0
2828,935,0.0,0.0,987,1258,0.0,0.0
3375,935,-4.0,71.0,280,1050,1042.0,-8.0
3458,935,1.0,88.0,139,1035,1104.0,29.0
357,935,0.0,249.0,1514,1133,1144.0,11.0
5797,935,-10.0,128.0,872,1257,1233.0,-24.0
751,936,-2.0,72.0,200,1100,1046.0,-14.0
520,936,-8.0,39.0,100,1013,1007.0,-6.0
584,937,-4.0,146.0,944,1159,1159.0,0.0
1233,937,-3.0,80.0,516,1110,1054.0,-16.0
2074,937,-4.0,234.0,1927,1646,1627.0,-19.0
770,937,-9.0,106.0,628,1225,1214.0,-11.0
341,938,-2.0,151.0,937,1213,1207.0,-6.0
56,938,167.0,80.0,413,1102,1345.0,163.0
5996,938,-7.0,93.0,409,1115,1104.0,-11.0
4770,938,-9.0,126.0,481,1041,1035.0,-6.0
5628,938,-6.0,92.0,372,1110,1104.0,-6.0
5658,939,-12.0,69.0,196,1047,1036.0,-11.0
261,939,-2.0,174.0,1222,1441,1431.0,-10.0
1391,939,-1.0,62.0,192,1046,1040.0,-6.0
61,939,3.0,221.0,1674,1439,1423.0,-16.0
1990,939,-2.0,51.0,214,1045,1028.0,-17.0
6001,939,0.0,107.0,630,1130,1126.0,-4.0
3662,939,0.0,81.0,402,1106,1100.0,-6.0
6200,939,9.0,233.0,1437,1240,1241.0,1.0
4652,939,-9.0,149.0,902,1124,1059.0,-25.0
771,940,-7.0,210.0,1576,1431,1403.0,-28.0
1722,940,1.0,84.0,331,1103,1105.0,2.0
1734,940,0.0,63.0,328,1158,1143.0,-15.0
1737,940,-6.0,124.0,700,1148,1138.0,-10.0
1780,940,-7.0,109.0,430,1121,1122.0,1.0
1856,940,-4.0,377.0,2300,1339,1353.0,14.0
1925,940,2.0,108.0,507,1125,1130.0,5.0
1960,940,-3.0,76.0,361,1107,1053.0,-14.0
1977,940,7.0,99.0,427,1124,1126.0,2.0
1982,940,-4.0,126.0,728,1150,1142.0,-8.0
2051,940,-9.0,170.0,1013,1238,1221.0,-17.0
427,940,-5.0,237.0,1452,1146,1132.0,-14.0
707,940,22.0,130.0,696,1100,1112.0,12.0
3837,940,1.0,152.0,861,1120,1113.0,-7.0
